std_account_name,class_of_trade,on_off_premise,address,city,state,zip_code
Total,Total,Total,Total,Total,Total,Total
MADAME USHI,RESTAURANT,ON,415 EAST HYMAN AVENUE,ASPEN,CO,81611
KYU,RESTAURANT,ON,324 LAFAYETTE ST,NEW YORK,NY,10012
KYU,RESTAURANT,ON,251 NW 25 STREET,MIAMI,FL,33127
ZUMA LAS VEGAS,RESTAURANT,ON,3708 S LAS VEGAS BLVD,LAS VEGAS,NV,89109
SUNSET HARBOR RESTAURANT LLC,RESTAURANT,ON,313 3 MILE HARBOR HOG CREEK RD,EAST HAMPTON,NY,11937
LOLA 41 PALM BEACH,RESTAURANT,ON,290 SUNSET AVENUE,PALM BEACH,FL,33480
ZUMA JAPANESE RESTAURANT,RESTAURANT,ON,270 BISCAYNE BLVD WAY,MIAMI,FL,33131
LOBSTER CLUB  THE,RESTAURANT,ON,375 PARK AVE,NEW YORK,NY,10022
POOL & GRILL,RESTAURANT,ON,99 E 52ND ST,NEW YORK,NY,10152
STANDARD MIAMI (THE),RESTAURANT,ON,40 ISLAND AVENUE,MIAMI BEACH,FL,33139
AQUA,RESTAURANT,ON,902 BROADWAY,NEW YORK,NY,10010
TAO UPTOWN,RESTAURANT,ON,42 44 EAST 58TH STREET,NEW YORK,NY,10022
MIA MARKET,RESTAURANT,ON,140 NE 39 ST,MIAMI,FL,33137
Wagyu House,RESTAURANT,ON,1042 Northside Dr STE 1300,Atlanta,GA,30318
TAO ASIAN BISTRO@VENETIAN,RESTAURANT,ON,3355 LAS VEGAS BLVD SO,LAS VEGAS,NV,89109
SUSHI SAKE,RESTAURANT,ON,2150 N COLLINS BOULEVARD,RICHARDSON,TX,75080
CHOTTO MATTE,RESTAURANT,ON,100 STOCKTON ST 8TH FLOOR,SAN FRANCISCO,CA,94108
SEXY FISH,RESTAURANT,ON,1001 S MIAMI AVE,MIAMI,FL,33130
PABU,RESTAURANT,ON,101 CALIFORNIA ST,SAN FRANCISCO,CA,94111
LOLA 41 NAPLES,RESTAURANT,ON,560 9TH STREET,NAPLES,FL,34102
BRAZOS RESTAURANT LLC,RESTAURANT,ON,200 E 6TH ST STE 110,AUSTIN,TX,78701
B100M,RESTAURANT,ON,100 BICAYNE BLVD 104,MIAMI,FL,33132
SOBE-MAKOTO OKUWA DINNER,RESTAURANT,ON,9700 COLLINS AVENUE,BAL HARBOUR,FL,33154
JING,RESTAURANT,ON,413 EAST MAIN STREET,ASPEN,CO,81611
ZZ S CLUB NEW YORK,RESTAURANT,ON,560 W 33RD ST/55 HUDSON YARDS,NEW YORK,NY,10001
ZUMA NEW YORK,RESTAURANT,ON,261 MADISON AVE,NEW YORK,NY,10016
MISSION CEVICHE,RESTAURANT,ON,5 7 E 17TH ST,NEW YORK,NY,10003
Kani House Japanese Restaurant,RESTAURANT,ON,10820 Abbotts Bridge Rd Ste 4000,Duluth,GA,30097
Tomo,RESTAURANT,ON,3630 Peachtree Rd,Atlanta,GA,30326
ETARU HALLANDALE BEACH,RESTAURANT,ON,111 SURF RD,HALLANDALE,FL,33009
LAVO RESTAURANT,RESTAURANT,ON,9201 W SUNSET BLVD,WEST HOLLYWOOD,CA,90069
BUNGALOW KITCHEN,RESTAURANT,ON,5 MAIN ST,BELVEDERE TIBURON,CA,94920
LOLO,RESTAURANT,ON,974 VALENCIA ST,SAN FRANCISCO,CA,94110
EHP SISI RESTAURANT LLC(HOTEL),RESTAURANT,ON,295 THREE MILE HARBOR RD,EAST HAMPTON,NY,11937
UCHI WEST HOLLYWOOD,RESTAURANT,ON,9001 SANTA MONICA BLVD STE 101,WEST HOLLYWOOD,CA,90069
Cocktail Bar & Speakeasy,RESTAURANT,ON,208 Chattahoochee Row NW,Atlanta,GA,30318
KAIYO,RESTAURANT,ON,81701 OLD HIGHWAY,ISLAMORADA,FL,33036
ASPEN PUBLIC HOUSE,RESTAURANT,ON,328 EAST HYMAN AVENUE,ASPEN,CO,81611
CHUBBY CATTLE,RESTAURANT,ON,1388 FULLERTON RD #B,ROWLAND HEIGHTS,CA,91748
LOULOU,RESTAURANT,ON,176 8TH AVE,NEW YORK,NY,10011
EATALY,RESTAURANT,ON,2855 STEVENS CREEK BLVD,SANTA CLARA,CA,95050
BOKA  SUSHI NONAKA,RESTAURANT,ON,410 AMSTERDAM AVE,NEW YORK,NY,10024
SUSHI SEKI,RESTAURANT,ON,208 WEST 23 ST,NEW YORK,NY,10011
WAYFARE TAVERN,RESTAURANT,ON,201 PINE ST,SAN FRANCISCO,CA,94104
ALLEYCAT,RESTAURANT,ON,297 EAST PALMETTO PARK ROAD,BOCA RATON,FL,33432
CHUBBY CATTLE,RESTAURANT,ON,4525 SPRING MOUNTAIN RD STE106,LAS VEGAS,NV,89102
LOVELY DAY,RESTAURANT,ON,196 ELIZABETH ST,NEW YORK,NY,10010
THE RIVER OYSTER BAR,RESTAURANT,ON,33 SE 7TH STREET,MIAMI,FL,33131
SOBE-RAW BAR MASTER CLASS,RESTAURANT,ON,210 NE 18TH STREET,MIAMI,FL,33132
SPOTOS OYSTER BAR,RESTAURANT,ON,4560 PGA BLVD,PALM BEACH GARDENS,FL,33418
BLUE WHALE RESTAURANT & LOUNGE,RESTAURANT,ON,2033 UNION ST,SAN FRANCISCO,CA,94123
ALICE RESTAURANT,RESTAURANT,ON,126 WEST 13TH ST,NEW YORK,NY,10011
CATCH STEAK,RESTAURANT,ON,204 SOUTH GALENA STREET,ASPEN,CO,81611
Pasha Restaurant,RESTAURANT,ON,631 Miami Circle NE #7,Atlanta,GA,30324
HSU S GOURMET,RESTAURANT,ON,192 Peachtree Center Ave NE #A039,Atlanta,GA,30303
YAMA IZAKAYA & SUSHI B,RESTAURANT,ON,2625 OLD DENTON ROAD SUITE 920,CARROLLTON,TX,75007
MOBY S,RESTAURANT,ON,341 PANTIGO RD,EAST HAMPTON,NY,11937
GREYHOUND HIGHLAND PARK,RESTAURANT,ON,5570 N FIGUEROA ST,LOS ANGELES,CA,90042
SHANG ARTISAN NOODLE,RESTAURANT,ON,4983 W FLAMINGO RD #B,LAS VEGAS,NV,89103
Pinky Promise Champagne Bar,RESTAURANT,ON,1042 Northside Dr NW Ste P125,Atlanta,GA,30318
THE GINGER PIG,RESTAURANT,ON,4262 LOWELL BLVD,DENVER,CO,80211
Memphis Smokehouse (Sea Salt),RESTAURANT,ON,1801 Howell Mill Rd NW Ste 400,Atlanta,GA,30318
Prime Cigar,RESTAURANT,ON,1035 peachtree st ne,Atlanta,GA,30309
LAMARINA,RESTAURANT,ON,4050 NORTH FLAGLER DRIVE,WEST PALM BEACH,FL,33407
CRAIG S RESTAURANT,RESTAURANT,ON,8826 MELROSE AV,WEST HOLLYWOOD,CA,90069
SHANG ARTISAN NOODLE,RESTAURANT,ON,6915 S DURANGO DRIVE,LAS VEGAS,NV,89148
CHINA GARDEN,RESTAURANT,ON,100 WEST BEAVER CREEK BLVD 125,AVON,CO,81620
LE COLONIAL,RESTAURANT,ON,255 N FILLMORE ST SUITE 120,DENVER,CO,80206
Osha Thai And Sushi Galleria,RESTAURANT,ON,1820 Peachtree St NW,Atlanta,GA,30309
GUGU ROOM NYC,RESTAURANT,ON,143 ORCHARD ST,NEW YORK,NY,10002
NUDIBRANCH,RESTAURANT,ON,125 127 1ST AVE,NEW YORK,NY,10003
PATISSERIE CHANSON,RESTAURANT,ON,20 W23RD ST,NEW YORK,NY,10010
NIKU X LOS ANGELES,RESTAURANT,ON,900 WILSHIRE BLVD STE 212,LOS ANGELES,CA,90017
HEATHERS SNOWMASS,RESTAURANT,ON,300 CARRIAGE WAY,SNOWMASS VILLAGE,CO,81615
TSURI SUSHI,RESTAURANT,ON,7015 MELROSE AVE,LOS ANGELES,CA,90038
Ruby Chow s,RESTAURANT,ON,620 Glen Iris Dr NE #C-1,Atlanta,GA,30308
PRESS,RESTAURANT,ON,587-B S ST HELENA HWY,ST. HELENA,CA,94574
GIGI S CFE FIORUCCI,RESTAURANT,ON,610 S MOUNT SHASTA BLVD,MOUNT SHASTA,CA,96067
YUJO,RESTAURANT,ON,12835 PRESTON RD SUITE 216,DALLAS,TX,75230
MEZCAL GRILL,RESTAURANT,ON,5701 BROADWAY STE B,SACRAMENTO,CA,95820
O-Ku,RESTAURANT,ON,1085 Howell Mill Rd NW  A-3,Atlanta,GA,30318
KA THAI,RESTAURANT,ON,3220 MCKINNEY AVE SUITE 120,DALLAS,TX,75204
BLUE MAKI,RESTAURANT,ON,2625 OLD DENTON RD STE 444,CARROLLTON,TX,75007
SHOKUDO,RESTAURANT,ON,4740 NE 2ND AVENUE,MIAMI,FL,33137
MAVERICKS MONTAUK LLC,RESTAURANT,ON,51 S EDGEMERE ST,MONTAUK,NY,11954
HULLABALOO,RESTAURANT,ON,517-519 CLEMATIS STREET,WEST PALM BEACH,FL,33401
ERNESTO S,RESTAURANT,ON,259 E BROADWAY,NEW YORK,NY,10002
MEAT & CHEESE,RESTAURANT,ON,319 EAST HOPKINS AVE UNIT 103,ASPEN,CO,81611
SUSHI MOCKI,RESTAURANT,ON,5321 E MOCKINGBIRD LN STE 130,DALLAS,TX,75206
SEREIA,RESTAURANT,ON,3540 MAIN HWY,MIAMI,FL,33133
KASE SAKE & SUSHI,RESTAURANT,ON,5697 S JONES BLVD #220,LAS VEGAS,NV,89118
THE BLUE FISH,RESTAURANT,ON,3519 GREENVILLE AVENUE,DALLAS,TX,75206
LAFAYETTE & MARION,RESTAURANT,ON,1111 SW 1ST AVE,MIAMI,FL,33131
NO COAST SUSHI,RESTAURANT,ON,1119 NORTH 1ST ST UNIT A,GRAND JUNCTION,CO,81501
Calvert s,RESTAURANT,ON,475 Highland Ave,Augusta,GA,30909
MONTECITO CLARK S,RESTAURANT,ON,1212 COAST VILLAGE RD,SANTA BARBARA,CA,93108
ZZ S,RESTAURANT,ON,560 W 33RD ST/55 HUDSON YARDS,NEW YORK,NY,10001
Hajime Restaurant,RESTAURANT,ON,2345 Cheshire Bridge Rd Unit 1,Atlanta,GA,30324
THE X POT @ PALAZZO,RESTAURANT,ON,3377 LAS VEGAS BLVD S #2884,LAS VEGAS,NV,89109
Daisy Discount Liquor,RESTAURANT,ON,17114 US Hwy 280,Claxton,GA,30417
KA THAI MIDTOWN,RESTAURANT,ON,8185 WALNUT HILL LN STE 1410,DALLAS,TX,75231
TAO LA,RESTAURANT,ON,6421 SELMA AVE,LOS ANGELES,CA,90028
BUCCAN,RESTAURANT,ON,350 S COUNTY RD,PALM BEACH,FL,33480
CUT FIVE BOCA,RESTAURANT,ON,9500 SAUVIGNON PARKWAY,BOCA RATON,FL,33496
UCHI MIAMI,RESTAURANT,ON,252 NW 25TH ST,MIAMI,FL,33127
N AMO,RESTAURANT,ON,474 W LAKE DR,MONTAUK,NY,11954
ASIAN MINT B,RESTAURANT,ON,5290 BELT LINE ROAD STE 118,ADDISON,TX,75254
YUMIYAKI,RESTAURANT,ON,21 W 35TH ST,NEW YORK,NY,10001
GENGHIS COHEN,RESTAURANT,ON,734-36-38-40-42 N FAIRFAX AVE,LOS ANGELES,CA,90046
Q HOUSE,RESTAURANT,ON,3421 E COLFAX AVE,DENVER,CO,80206
VICTORIA S PISCO LOUNGE,RESTAURANT,ON,806 LAKE WORTH AVE,LAKE WORTH,FL,33460
MAASS,RESTAURANT,ON,525 N FORT LAUDERDALE BCH BLVD,FORT LAUDERDALE,FL,33304
DAUGHTER THAI KITCHEN & BAR,RESTAURANT,ON,1700 PLATTE STREET SUITE 140,DENVER,CO,80202
YUJO,RESTAURANT,ON,2626 N JOSEY LN STE 107,CARROLLTON,TX,75007
Harry & Sons,RESTAURANT,ON,820 N Highland Ave NE,Atlanta,GA,30306
Sensu Sushi Resturaunt and Bar,RESTAURANT,ON,300 Trilith Pkwy STE 270/275,Fayetteville,GA,30214
DUEMANI,RESTAURANT,ON,216 SOUTH MONARCH STREET,ASPEN,CO,81611
JOONAS & BEAR DEN ASPEN,RESTAURANT,ON,301 EAST HOSPKINS AVENUE,ASPEN,CO,81611
SAGO,RESTAURANT,ON,485 S COAST HWY 101,ENCINITAS,CA,92024
Cork and Flame,RESTAURANT,ON,4414 Evans to Lock Rd STE 2,Evans,GA,30809
Dua Vietnamese Restaurant Inc,RESTAURANT,ON,805 Lanier Ave. W,Fayetteville,GA,30214
CLARK S OYSTER BAR,RESTAURANT,ON,517 E HYMAN AVENUE,ASPEN,CO,81611
YUJO,RESTAURANT,ON,16100 STATE HWY 121 BLDG B STE 200,FRISCO,TX,75035
IWA SUSHI & GRILL,RESTAURANT,ON,5940 ROYAL LANE,DALLAS,TX,75230
UMEKES FISH MARKET BAR & GRILL,RESTAURANT,ON,74-5599 PAWAI PLACE BLDG A,KAILUA KONA,HI,96740
Fumi,RESTAURANT,ON,3550 Mall Blvd,Duluth,GA,30096
MORIMOTO NAPA,RESTAURANT,ON,610 MAIN STREET,NAPA,CA,94559
KATAMI A,RESTAURANT,ON,2701 W DALLAS ST,HOUSTON,TX,77019
Mai Kitchen,RESTAURANT,ON,1040 N. Highland Ave. NE,Atlanta,GA,30306
TUCCI NEW YORK,RESTAURANT,ON,643 BROADWAY,NEW YORK,NY,10012
Brush Sushi Buckhead,RESTAURANT,ON,3035 Peachtree Rd NE Ste G140,Atlanta,GA,30305
SPARROW & WOLF,RESTAURANT,ON,4480 SPRING MOUNTAIN RD STE100,LAS VEGAS,NV,89102
JING,RESTAURANT,ON,5370 GREENWOOD PLAZA BLVD #101,ENGLEWOOD,CO,80111
TOP SUSHI A,RESTAURANT,ON,24435 TOMBALL PARKWAY SUITE 70,TOMBALL,TX,77375
SSA GROUP,RESTAURANT,ON,325 5TH AVE N,SEATTLE,WA,98109
M GRILL,RESTAURANT,ON,3832 WILSHIRE BL #202,LOS ANGELES,CA,90010
LITTLE DOMS,RESTAURANT,ON,2128 HILLHURST AV,LOS ANGELES,CA,90027
FLEMINGS PRIME STEAKHOUSE,RESTAURANT,ON,800 W OLYMPIC BL #A135,LOS ANGELES,CA,90015
KANS THAI KITCHEN,RESTAURANT,ON,4838 N FEDERAL HIGHWAY,FORT LAUDERDALE,FL,33308
HARRY S BEACH HOUSE,RESTAURANT,ON,2676 ALKI AVE SW,SEATTLE,WA,98116
JEFFREYS RESTAURANT & BAR,RESTAURANT,ON,1204 W LYNN ST INCLUDING 1601,AUSTIN,TX,78703
Grinds and Wines (Tavern on 74),RESTAURANT,ON,288 Hwy 74 N,Peachtree City,GA,30269
NUNOS BISTRO & BAR,RESTAURANT,ON,2440 W ARROW RTE  STE #4A,UPLAND,CA,91786
ACE,RESTAURANT,ON,501 EAST 17TH AVENUE,DENVER,CO,80203
TRATTORIA BRAVA,RESTAURANT,ON,809 GRAND AVE #4,GLENWOOD SPRINGS,CO,81601
NAM Kitchen,RESTAURANT,ON,6400 Blue Stone Rd STE 100,Sandy Springs,GA,30328
Kizuna,RESTAURANT,ON,140 Progress Circle  #3,Blue Ridge,GA,30513
KOJIN NOODLE BAR,RESTAURANT,ON,422 EATON STREET,KEY WEST,FL,33040
RUSTIC CANYON,RESTAURANT,ON,1119 WILSHIRE BL,SANTA MONICA,CA,90401
MIKATA,RESTAURANT,ON,H-41 237 PERIMETER CENTER PKWY NE S,Dunwoody,GA,30346
BRASSERIE BRIXTON,RESTAURANT,ON,3701 N WILLIAMS ST,DENVER,CO,80205
CUCINA 8 1/2,RESTAURANT,ON,9 WEST 57TH ST,NEW YORK,NY,10019
Bon Ton,RESTAURANT,ON,214 Ponce DeLeon Ave NE,Atlanta,GA,30308
RUSTIC HOUSE,RESTAURANT,ON,295 MAIN ST,LOS ALTOS,CA,94022
MUSUME RESTAURANT,RESTAURANT,ON,2330 FLORA SUITE 100,DALLAS,TX,75201
Church,RESTAURANT,ON,466 Edgewood Ave SE Bldg 466,Atlanta,GA,30312
TORO,RESTAURANT,ON,5 S/E OF DOLORESE & 5TH ST,CARMEL,CA,93921
Sports Cafe,RESTAURANT,ON,8501 Tara Blvd,Jonesboro,GA,30236
PAPERFISH,RESTAURANT,ON,432 ESPANOLA WAY,MIAMI BEACH,FL,33139
MCNEAR S RSTR & BAR,RESTAURANT,ON,21-23 PETALUMA BLVD N,PETALUMA,CA,94952
MATY S/ITAMAE AO,RESTAURANT,ON,3255 NE 1ST AVE,MIAMI,FL,33137
FRENCH GRILL HOUSE,RESTAURANT,ON,427 NORTHWOOD ROAD,WEST PALM BEACH,FL,33407
BOND ST,RESTAURANT,ON,6 BOND ST,NEW YORK,NY,10012
Flock To The Wok LLC,RESTAURANT,ON,37 Whitaker ST,Savannah,GA,31401
JIMOTO RAMEN,RESTAURANT,ON,616 EAST HYMAN,ASPEN,CO,81611
TINY GROCER,RESTAURANT,ON,4300 SPEEDWAY UNIT 101,AUSTIN,TX,78751
NAMINOHANA,RESTAURANT,ON,5521 GREENVILLE AVE ST 111,DALLAS,TX,75206
Three Dollar Cafe,RESTAURANT,ON,3000 Windy Hill Rd SE STE 132,Marietta,GA,30067
Marietta Melt Yard,RESTAURANT,ON,800 Whitlock Ave NW Ste 124,Marietta,GA,30064
ASIAN MINT,RESTAURANT,ON,11617 N CENTRAL EXPY STE 135,DALLAS,TX,75243
OWA,RESTAURANT,ON,1635-1637 ABBOT KINNEY BLVD,VENICE,CA,90291
TROPICAL SMOKEHOUSE,RESTAURANT,ON,3815 S DIXIE HWY,WEST PALM BEACH,FL,33405
The Monte Cristo (Montecello),RESTAURANT,ON,2000 Powers Ferry Rd  #1-3,Marietta,GA,30067
Kelley s Tavern & Grill LLC,RESTAURANT,ON,628 EE Butler Parkway,Gainesville,GA,30501
LOTUS OF SIAM,RESTAURANT,ON,620 E FLAMINGO RD,LAS VEGAS,NV,89119
RED DOOR HIBACHI STEAK HOUSE,RESTAURANT,ON,3881 NE 163RD STREET,NORTH MIAMI BEACH,FL,33160
MING S CAFE CARBONDALE,RESTAURANT,ON,901 HIGHWAY 133 #F,CARBONDALE,CO,81623
SATO/CAFE 163,RESTAURANT,ON,0105 EDWARDS VILL BLVD D101,EDWARDS,CO,81632
BOURBON STEAKHOUSE,RESTAURANT,ON,237 S BRAND BLVD,GLENDALE,CA,91204
IYASARE,RESTAURANT,ON,1830 4TH ST,BERKELEY,CA,94710
Atlanta Eagle,RESTAURANT,ON,1492 Piedmont Ave NE Ste F,Atlanta,GA,30309
Lingering Shade Social Club,RESTAURANT,ON,660 Irwin St NE,Atlanta,GA,30312
IZAKAYA CABIN,RESTAURANT,ON,321 ELK AVENUE,CRESTED BUTTE,CO,81224
FUKUMOTO,RESTAURANT,ON,514 MEDINA STREET,AUSTIN,TX,78702
Umi Sushi,RESTAURANT,ON,3050 Peachtree Rd Ne,Atlanta,GA,30305
Brass Tap,RESTAURANT,ON,#32 4505 Ashford Dunwoody Rd,Dunwoody,GA,30346
HAKKASAN - RESTAURANT @ MGM,RESTAURANT,ON,3799 S LAS VEGAS BLVD,LAS VEGAS,NV,89109
New York Butcher Shoppe,RESTAURANT,ON,4475 Roswell Rd Ste 1030,Marietta,GA,30062
Cru Battery Atlanta,RESTAURANT,ON,915 Battery Ave SE,Atlanta,GA,30339
INTERNATIONAL SMOKE,RESTAURANT,ON,301-301B MISSION ST,SAN FRANCISCO,CA,94105
WILLIAMS & GRAHAM / OCCIDENTAL,RESTAURANT,ON,3150-3160 TEJON STREET,DENVER,CO,80211
HIGHLANDS ALEHOUSE,RESTAURANT,ON,0133 PROSPECTOR ROAD STE 4114B,ASPEN,CO,81611
KA THAI NORTH DALLAS,RESTAURANT,ON,6859 ARAPAHO RD STE 601,DALLAS,TX,75248
ROCKER OYSTERFELLERS,RESTAURANT,ON,14415 HWY 1,VALLEY FORD,CA,94972
MIMI CHINESE,RESTAURANT,ON,1575 ALTON RD,MIAMI BEACH,FL,33139
The Club At Atl,RESTAURANT,ON,1 H-J Atlanta Airport  Conc F,Atlanta,GA,30354
PEARL,RESTAURANT,ON,4640 MCKINNEY AVE STE 130,DALLAS,TX,75205
H & F Bottle Shop,RESTAURANT,ON,2357 Peachtree Rd NE Ste 3,Atlanta,GA,30305
JAGALCHI (ON),RESTAURANT,ON,63 SERRAMONTE CENTER,DALY CITY,CA,94015
LE CHICK ROTISSERIE,RESTAURANT,ON,310 NW 24TH STREET,MIAMI,FL,33127
EBESU ROBATA & SUSHI,RESTAURANT,ON,1007 E 15TH STREET,PLANO,TX,75074
NYC RESTAURANT SERVICES LLC,RESTAURANT,ON,1 VANDERBILT AVE  LEVEL B1,NEW YORK,NY,10017
Kuroshio Sushi Bar & Grill,RESTAURANT,ON,2700 Cobb Pkwy:3B-4B,Smyrna,GA,30080
Prime 120,RESTAURANT,ON,120 Chambers Street,Woodstock,GA,30188
ROOSEVELT,RESTAURANT,ON,1512 LARIMER ST UNIT 29R,DENVER,CO,80202
GOLDFINCH,RESTAURANT,ON,119 S MAIN ST,SEBASTOPOL,CA,95472
Westside Pizzeria,RESTAURANT,ON,2260 Marietta Blvd NW Ste 107,Atlanta,GA,30318
Kiosco,RESTAURANT,ON,48 Powder Springs St,Marietta,GA,30064
Out Of The Blue  Inc.,RESTAURANT,ON,647 E Main St,Blue Ridge,GA,30513
DEBONAIR SUPPER CLUB,RESTAURANT,ON,183 S ORANGE AVE,ORLANDO,FL,32801
Mazzy s Sports Bar & Grill,RESTAURANT,ON,2217 Roswell Rd Ste A-200,Marietta,GA,30062
CLARKS HOUSTON,RESTAURANT,ON,3807 MONTROSE BLVD,HOUSTON,TX,77006
Antico Pizza Battery,RESTAURANT,ON,Ste 420 2605 Circle 75 Pkwy SE,Atlanta,GA,30339
The Mad Mexican,RESTAURANT,ON,2 E Court Square,Newnan,GA,30263
YUZU JAPANESE RESTAUARANT AND BAR,RESTAURANT,ON,2101 SUMMER LEE DR SUITE 105,ROCKWALL,TX,75032
THE MONARCH,RESTAURANT,ON,411 S MONARCH,ASPEN,CO,81611
La Grotta Restaurant (Pchtree),RESTAURANT,ON,2637 Peachtree Rd,Atlanta,GA,30305
YAMA IZAKAYA SUSHI B,RESTAURANT,ON,240 LEGACY DRIVE SUITE 100,PLANO,TX,75023
JG MELON,RESTAURANT,ON,89 MACDOUGAL ST,NEW YORK,NY,10012
PAPERFISH/BARSECCO,RESTAURANT,ON,1421 SOUTH MIAMI AVENUE,MIAMI,FL,33131
HARRIS RESTAURANT,RESTAURANT,ON,2100 VAN NESS AVE,SAN FRANCISCO,CA,94109
Yao Thai Restaurant,RESTAURANT,ON,Ste H-31 245 Perimeter Center Pkwy,Dunwoody,GA,30346
Frank s At The Old Mill,RESTAURANT,ON,1095 Hwy 54 West,Fayetteville,GA,30214
Katana Sushi Hibachi,RESTAURANT,ON,4400 Roswell Rd Ste 152,Marietta,GA,30062
Woofs Sports Bar,RESTAURANT,ON,494 Plasters Ave NE Ste 200,Atlanta,GA,30324
Thai Spice,RESTAURANT,ON,286 Highway 74 N,Peachtree City,GA,30269
THE BLUE FISH,RESTAURANT,ON,5760 HWY 121 SUITE 175,PLANO,TX,75024
MamiTaco Inc,RESTAURANT,ON,800 Whitlock Ave NW Ste 207,Marietta,GA,30064
PINK STEAK,RESTAURANT,ON,2777 S DIXIE HWY,WEST PALM BEACH,FL,33405
PURPLE PATCH,RESTAURANT,ON,3155 MOUNT PLEASANT ST NW 101,WASHINGTON,DC,20019
ULTREIA,RESTAURANT,ON,1701 WYNKOOP STREET SUITE 125,DENVER,CO,80202
Kobe Japanese Steakhouse,RESTAURANT,ON,2876 Highway 54,Peachtree City,GA,30269
ONE FISH RAW BAR,RESTAURANT,ON,193 E CAMPBELL AVE,CAMPBELL,CA,95008
The Tabernacle,RESTAURANT,ON,152 Luckie St NW,Atlanta,GA,30303
SUEHIRO JAPANESE RESTAURANT,RESTAURANT,ON,541 MAIN STREET,GRAND JUNCTION,CO,81501
KENICHI,RESTAURANT,ON,533 E HOPKINS,ASPEN,CO,81611
Tannery Row Ale House*CLOSED*,RESTAURANT,ON,554 W Main ST C-100,Buford,GA,30518
THE BLUE FISH,RESTAURANT,ON,320 WEST LAS COLINAS BLVD SUITE 110,IRVING,TX,75039
GOLDEN GRILL ON THE BAY,RESTAURANT,ON,1014 BAY ST,PORT ORCHARD,WA,98366
The Atlanta Fish Market,RESTAURANT,ON,265 Pharr Rd NE,Atlanta,GA,30305
J. R Crickets,RESTAURANT,ON,4550 Jonesboro Rd Ste C,Union City,GA,30291
Rusty Barrel,RESTAURANT,ON,138 Powers Ferry Rd SE,Marietta,GA,30067
PARTAGE,RESTAURANT,ON,3829-3839 SPRING MOUNTAIN RD,LAS VEGAS,NV,89102
Thrive,RESTAURANT,ON,101 Marietta St NW,Atlanta,GA,30303
Cru Food & WIne Bar,RESTAURANT,ON,300 Avalon Blvd,Alpharetta,GA,30009
Pour Taproom Midtown,RESTAURANT,ON,1180 Peachtree St NE Ste A,Atlanta,GA,30309
RISTORANTE SANTUCCI,RESTAURANT,ON,610 CLEMATIS ST,WEST PALM BEACH,FL,33401
ESNAF,RESTAURANT,ON,1105 SAN CARLOS AVE,SAN CARLOS,CA,94070
JJANGA STEAK & SUSHI,RESTAURANT,ON,6125 S FORT APACHE RD #200,LAS VEGAS,NV,89148
DOMODOMO,RESTAURANT,ON,2681 HOWELL ST BU3,DALLAS,TX,75201
NAMO,RESTAURANT,ON,3699 MCKINNEY AVENUE SUITE 305C,DALLAS,TX,75204
MORI JAPANESE GRILL,RESTAURANT,ON,2200 S 10TH STREET SPACE S25,MCALLEN,TX,78503
Nana Thai Eatery,RESTAURANT,ON,2940 Johnson Ferry Rd Ste C,Marietta,GA,30062
Perfecture Japanese Steakhouse,RESTAURANT,ON,2277 Peachtree Rd NE Ste A,Atlanta,GA,30309
ZUZU,RESTAURANT,ON,823 & 825 & 829 MAIN ST,NAPA,CA,94559
TOSCANA MARE,RESTAURANT,ON,1121 CRANDON BLVD,KEY BISCAYNE,FL,33149
Ted s Montana Grill,RESTAURANT,ON,314 City Circle #1320,Peachtree City,GA,30269
OZUMO,RESTAURANT,ON,355 SANTANA ROW #1010,SAN JOSE,CA,95128
Park 82  **CLOSED**,RESTAURANT,ON,4403 Northside Pkwy NW Ste 150,Atlanta,GA,30327
BOURBON STEAK,RESTAURANT,ON,3960 S LAS VEGAS BLVD,LAS VEGAS,NV,89119
LOCAL YOCAL BBQ & GRILL,RESTAURANT,ON,350 E LOUISIANA STREET SUITE A,MCKINNEY,TX,75069
Bella Napoli Savannah,RESTAURANT,ON,18 E State St,Savannah,GA,31401
LIGHTHOUSE,RESTAURANT,ON,145 BORINQUEN PLACE,BROOKLYN,NY,11211
Park 82,RESTAURANT,ON,4403 Northside Pkwy NW #150,Atlanta,GA,30327
MISTER FRENCH,RESTAURANT,ON,24 E 21ST ST,NEW YORK,NY,10010
CASA TUA ASPEN,RESTAURANT,ON,403 S GALENA ST,ASPEN,CO,81611
MILA MIAMI,RESTAURANT,ON,800 LINCOLN ROAD,MIAMI BEACH,FL,33139
LE BILBOQUET,RESTAURANT,ON,299 SAINT PAUL STREET,DENVER,CO,80206
BONNELL S FINE TEXAS CUISINE,RESTAURANT,ON,4259 BRYANT IRVIN ROAD,FORT WORTH,TX,76109
NORTH,RESTAURANT,ON,7501 WINDROSE AVENUE SUITE D190,PLANO,TX,75024
KOSEN,RESTAURANT,ON,307 W PALM AVE,TAMPA,FL,33602
Basils Restaurant & Bar,RESTAURANT,ON,2985 Grandview Ave,Atlanta,GA,30305
Oakhurst Market,RESTAURANT,ON,650 E Lake Dr Ste A,Decatur,GA,30030
CRESCENT BISTRO,RESTAURANT,ON,45 CRESCENT DR #11 C,PLEASANT HILL,CA,94523
MISOHAPPY LLC,RESTAURANT,ON,504 SOUTHARD ST,KEY WEST,FL,33040
Fukuro Bar and Sushi,RESTAURANT,ON,5100 Washington Road,Evans,GA,30809
BAD KITTY LOUNGE,RESTAURANT,ON,227 BRIDGE STREET C,VAIL,CO,81657
BASIL & MINT VIETNAMESE CAFE,RESTAURANT,ON,350 N LANTANA ST  STE 7,CAMARILLO,CA,93010
THE BINDERY  LTD,RESTAURANT,ON,1817 CENTRAL STREET,DENVER,CO,80211
ALL DAY BABY,RESTAURANT,ON,3200 W SUNSET BL,LOS ANGELES,CA,90026
KEI,RESTAURANT,ON,191 195 7TH AVE,NEW YORK,NY,10011
PALATE,RESTAURANT,ON,1301 S MAIN ST #110,LAS VEGAS,NV,89104
Umbrella Bar,RESTAURANT,ON,675 Ponce De Leon Ave NE,Atlanta,GA,30308
NATIVE SON ALEHOUSE,RESTAURANT,ON,305 E 4TH ST #200,SANTA ANA,CA,92701
HEALTHY JUNK PACKING HOUSE,RESTAURANT,ON,440 S ANAHEIM BLVD UNIT 209B,ANAHEIM,CA,92805
PUB AT DONNER LAKE THE,RESTAURANT,ON,15963 S SHORE DR,TRUCKEE,CA,96161
BARCHA,RESTAURANT,ON,425 MARKET ST,SAN FRANCISCO,CA,94105
SUSHIHANA JAPANESE RESTAURANT,RESTAURANT,ON,1810 NW MILITARY,CASTLE HILLS,TX,78213
SMITH & MILLS,RESTAURANT,ON,10 W 50TH ST,NEW YORK,NY,10020
AYA SUSHI,RESTAURANT,ON,5407 BELLAIRE BLVD STE A,BELLAIRE,TX,77401
HUSH KELLER INC,RESTAURANT,ON,211 S MAIN ST,KELLER,TX,76248
JACKSON S BAR & OVEN,RESTAURANT,ON,135 4TH ST STE #A,SANTA ROSA,CA,95401
RED GRILL MEXICAN RESTAURANT,RESTAURANT,ON,1701 2ND AVE,NEW YORK,NY,10128
WILFRED S LOUNGE,RESTAURANT,ON,967 1ST ST,NAPA,CA,94559
MATHESON  THE,RESTAURANT,ON,106 MATHESON ST,HEALDSBURG,CA,95448
KAORI MIAMI,RESTAURANT,ON,871 S MIAMI AVE,MIAMI,FL,33130
TUTTI MANGIA GRILL,RESTAURANT,ON,102 HARVARD AV,CLAREMONT,CA,91711
ABSINTHE BRASSERIE & BAR,RESTAURANT,ON,388 & 394 & 398 HAYES ST,SAN FRANCISCO,CA,94102
HATCH YAKITORI,RESTAURANT,ON,700 W 7TH ST  STE G600,LOS ANGELES,CA,90017
BOB S STEAK AND CHOP HOUSE,RESTAURANT,ON,5815 RIM PASS DR,SAN ANTONIO,TX,78257
SANDBAR & GRILL,RESTAURANT,ON,MUNICIPAL WHARF #2,MONTEREY,CA,93940
NATIVO,RESTAURANT,ON,5137 YORK BLVD,LOS ANGELES,CA,90042
EMPRESS M LLC,RESTAURANT,ON,221 SILVERADO TRAIL,NAPA,CA,94559
LAVA TUBE WAIKIKI INC,RESTAURANT,ON,2280 KUHIO AVE,HONOLULU,HI,96815
ST JAMES GATE,RESTAURANT,ON,1410 OLD COUNTY RD,BELMONT,CA,94002
BASILICO,RESTAURANT,ON,6111 S BUFFALO DR STE 100,LAS VEGAS,NV,89113
SUSHI CHEF,RESTAURANT,ON,3100 CORAL WAY,MIAMI,FL,33145
MOTHERTONGUE/MINA,RESTAURANT,ON,960 N LA BREA AVE 4TH & 5TH FL,LOS ANGELES,CA,90038
VACATION,RESTAURANT,ON,204 W 4TH ST,SANTA ANA,CA,92701
A RESTAURANT,RESTAURANT,ON,3334 W COAST HWY,NEWPORT BEACH,CA,92663
NAPKINS BAR & GRILL,RESTAURANT,ON,1001 2ND ST,NAPA,CA,94559
SIX TEST KITCHEN,RESTAURANT,ON,3075 BLUE ROCK RD #B,PASO ROBLES,CA,93446
MARIGOLD CLUB,RESTAURANT,ON,2531 KUESTER STREET,HOUSTON,TX,77006
CELLA RESTAURANT AND BAR,RESTAURANT,ON,525 POLK STREET,MONTEREY,CA,93940
SLATE BISTRO & CRAFT BAR,RESTAURANT,ON,4850 SANTA ROSA RD,CAMARILLO,CA,93012
GLASS BOX,RESTAURANT,ON,12841 EL CAMINO REAL #203-211,SAN DIEGO,CA,92130
CAMPHOR,RESTAURANT,ON,923 E 3RD ST #109,LOS ANGELES,CA,90013
CARPE DIEM,RESTAURANT,ON,1001 2ND ST STE 185 & 165,NAPA,CA,94558
CARMEL RESTAURANT,RESTAURANT,ON,7383 W MELROSE AV,LOS ANGELES,CA,90046
ANGELE,RESTAURANT,ON,540 MAIN ST #B,NAPA,CA,94559
KRU CONTEMPORARY JAPANESE,RESTAURANT,ON,3135 FOLSOM BLVD,SACRAMENTO,CA,95816
TEDDY WONGS AND BUSHI BUSHI MARKET,RESTAURANT,ON,812 W ROSEDALE ST,FORT WORTH,TX,76104
AVIARY,RESTAURANT,ON,712 K ST,SACRAMENTO,CA,95814
BASIL & WICKS,RESTAURANT,ON,3195 STATE ROUTE 28,NORTH CREEK,NY,12853
FIDDLEHEAD BISTRO  THE,RESTAURANT,ON,33 BROADWAY,SARANAC LAKE,NY,12983
AROI MAK MAK,RESTAURANT,ON,344 ORANGE ST,REDLANDS,CA,92374
URBAN ROOTS BREWING,RESTAURANT,ON,1409 R ST STE #102,SACRAMENTO,CA,95814
ZIZIKI S,RESTAURANT,ON,4514 TRAVIS ST SUITE 122,DALLAS,TX,75205
SANTA FE STEAKHOUSE,RESTAURANT,ON,1918 S. 10TH STREET,MCALLEN,TX,78503
ASCEND PRIME STEAK AND SUSHI,RESTAURANT,ON,10400 NE 4TH STREET STE 3100,BELLEVUE,WA,98004
SENS,RESTAURANT,ON,4 EMBARCADERO CTR POD,SAN FRANCISCO,CA,94111
AKASHI SUSHI FUSION CUISINE,RESTAURANT,ON,416 9550 Spring Green Boulevard,KATY,TX,77494
RISTORANTE LA TOSCANA,RESTAURANT,ON,3751 REDWOOD HWY,SAN RAFAEL,CA,94903
RESTAURANT SUSHI  SASA,RESTAURANT,ON,2401 15TH STREET STE 80,DENVER,CO,80202
CHEESECAKE FACTORY-RM,RESTAURANT,ON,71800 HWY 111 #D-101,RANCHO MIRAGE,CA,92270
PEARL DRAGON,RESTAURANT,ON,15229 SUNSET BL,PACIFIC PALISADES,CA,90272
GOLDEN TIKI,BAR/TAVERN,ON,3939 SPRING MTN RD,LAS VEGAS,NV,89102
TAO DOWNTOWN,BAR/TAVERN,ON,369 WEST 16 ST,NEW YORK,NY,10011
HOOCH,BAR/TAVERN,ON,301 E HOPKINS AVE SUITE 102,ASPEN,CO,81611
DRIFTWOOD DOWNTOWN,BAR/TAVERN,ON,319 COLORADO STREET,AUSTIN,TX,78701
MAISON MURA,BAR/TAVERN,ON,333 SE 3RD AVENUE,MIAMI,FL,33131
ONEELEVEN HIFI LLC,BAR/TAVERN,ON,119 INGRAHAM ST,BROOKLYN,NY,11237
APOTHEKE,BAR/TAVERN,ON,1141 BROADWAY,NEW YORK,NY,10001
OYSTER HOUSE,BAR/TAVERN,ON,12446 MOORPARK ST,STUDIO CITY,CA,91604
LAST RITES,BAR/TAVERN,ON,718 14TH ST,SAN FRANCISCO,CA,94114
ZUMA,BAR/TAVERN,ON,1 DALTON ST,BOSTON,MA,02199
LA COMPAGNIE WINE BAR/EXPERIME,BAR/TAVERN,ON,6 WEST 24TH ST,NEW YORK,NY,10010
FOLKLORE,BAR/TAVERN,ON,1226 3RD STREET,NAPA,CA,94559
REGIIS OVA,BAR/TAVERN,ON,6480 WASHINGTON ST,YOUNTVILLE,CA,94599
LE BAR A VIN    (ON),BAR/TAVERN,ON,380 SOUTH COUNTY ROAD,PALM BEACH,FL,33480
BELLY UP ASPEN,BAR/TAVERN,ON,450 S GALENA ST  #2,ASPEN,CO,81611
KEG N BOTTLE 5,BAR/TAVERN,ON,6380 DEL CERRO BL,SAN DIEGO,CA,92120
LITTLE MORE,BAR/TAVERN,ON,111 READE ST,NEW YORK,NY,10013
MARTINI BAR,BAR/TAVERN,ON,3450 NW 83 AVENUE,MIAMI,FL,33122
BANDITS,BAR/TAVERN,ON,44 BEDFORD ST,NEW YORK,NY,10014
CHESTNUT CLUB,BAR/TAVERN,ON,1348 14TH ST,SANTA MONICA,CA,90404
RUN FOR THE ROSES,BAR/TAVERN,ON,1801 BLAKE ST STE 10,DENVER,CO,80202
COOL CULINARY LLC,BAR/TAVERN,ON,119 ESSEX ST,NEW YORK,NY,10002
OUTER HEAVEN,BAR/TAVERN,ON,191 CHRYSTIE ST,NEW YORK,NY,10002
HURRICA RESTAURANT & BAR,BAR/TAVERN,ON,150 NORTHPOINT CT,REDWOOD CITY,CA,94063
URBAN SMOKE,BAR/TAVERN,ON,3913 RICHMOND AVE,HOUSTON,TX,77027
SAKE SECRET,BAR/TAVERN,ON,460 PINE AVE,LONG BEACH,CA,90802
VERDUGO,BAR/TAVERN,ON,3408 VERDUGO RD,LOS ANGELES,CA,90065
SPOON BAR,BAR/TAVERN,ON,219 HEALDSBURG AVE,HEALDSBURG,CA,95448
MARTINE,BAR/TAVERN,ON,647 SOUTH AVE,ROCHESTER,NY,14620
JONES,BAR/TAVERN,ON,620 JONES STREET,SAN FRANCISCO,CA,94102
SHOYU RESTAURANT AND BAR,BAR/TAVERN,ON,38-40 PARK ST,ANDOVER,MA,01810
GOLDEN HOUR SOCIAL CLUB,BAR/TAVERN,ON,3282 NORTH TEJON ST SUITE 102,DENVER,CO,80211
LITTLE HOKKAIDO,BAR/TAVERN,ON,1504 G ST,ARCATA,CA,95521
CLOVER CLUB,BAR/TAVERN,ON,210 SMITH ST,BROOKLYN,NY,11201
SOCO SOCIAL HOUSE,BAR/TAVERN,ON,209 1/2 COLORADO AVENUE,GRAND JUNCTION,CO,81501
MILADY S,BAR/TAVERN,ON,160 PRINCE ST,NEW YORK,NY,10012
NEIGHBORHOOD WINE,BAR/TAVERN,ON,1257 W MAGNOLIA AVE,FORT WORTH,TX,76104
BAR SNACK,BAR/TAVERN,ON,92 2ND AVE,NEW YORK,NY,10003
VINOS ON LAS OLAS,BAR/TAVERN,ON,901 E LAS OLAS BLVD SUITE 103,FORT LAUDERDALE,FL,33301
JACK S,BAR/TAVERN,ON,167 E TAYLOR ST,SAN JOSE,CA,95112
STARBOARD TACK,BAR/TAVERN,ON,2601 ATLANTIC ST,LAS VEGAS,NV,89121
FRENCHIES BAR,BAR/TAVERN,ON,3476 2ND AVE.  NORTH,PALM SPRINGS,FL,33461
NICKEL CITY,BAR/TAVERN,ON,1133 E 11TH STREET,AUSTIN,TX,78702
SPACE BISTRO,BAR/TAVERN,ON,323 UNION ST,ROCKLAND,MA,02370
MR B S TAVERN,BAR/TAVERN,ON,5201 GEORGIA AVE,WEST PALM BEACH,FL,33405
MOG ASU WINE BAR,BAR/TAVERN,ON,1 BLACKFIELD DR STE 14,TIBURON,CA,94920
SPACE KARAOKE,BAR/TAVERN,ON,34 W 32ND ST,NEW YORK,NY,10001
PICCALILLI,BAR/TAVERN,ON,3850 MAIN ST #A,CULVER CITY,CA,90232
CLARK S OYSTER BAR,BAR/TAVERN,ON,1200 W 6TH STREET SUITE A,AUSTIN,TX,78703
MURRAYS TAVERN B,BAR/TAVERN,ON,2316 WEBBERVILLE RD,AUSTIN,TX,78702
COPPER & MALT - ON PREMISE,BAR/TAVERN,ON,5659 BAY ST,EMERYVILLE,CA,94608
DANTE S HIFI,BAR/TAVERN,ON,519 NW 26 STREET,MIAMI,FL,33127
ARBARETUM AT NAPA VLLY DISTILL,BAR/TAVERN,ON,1149 1ST STREET,NAPA,CA,94559
SHOJOS DOJO INC,BAR/TAVERN,ON,4233 SW 75 AVE,MIAMI,FL,33155
ITTOKU,BAR/TAVERN,ON,1815 MASSACHUSETTS AVE,CAMBRIDGE,MA,02140
NIGHT ON EARTH,BAR/TAVERN,ON,3256 CAHUENGA BLVD W,LOS ANGELES,CA,90068
DJONS VILLAGE MRKT&ROOFTOP(ON),BAR/TAVERN,ON,249 5TH AVENUE,INDIALANTIC,FL,32903
8 EIGHTY EIGHT,BAR/TAVERN,ON,118 W WILSHIRE AV,FULLERTON,CA,92832
WICKED WOLF THE,BAR/TAVERN,ON,2332 PACIFIC AVE,LONG BEACH,CA,90806
LOUIE S,BAR/TAVERN,ON,55 STEVENSON ST,SAN FRANCISCO,CA,94105
BROKEN COMPASS TIKI,BAR/TAVERN,ON,2013 W BURBANK BLVD,BURBANK,CA,91506
RELENTLESS BREWING AND SPIRITS,BAR/TAVERN,ON,2133 COLORADO BLVD,LOS ANGELES,CA,90041
BLIND RABBIT,BAR/TAVERN,ON,440 S ANAHEIM BLVD  UNIT 104,ANAHEIM,CA,92805
LA FINA,BAR/TAVERN,ON,27 MAIN ST,ANDOVER,MA,01810
LAST DROP TAVERN,BAR/TAVERN,ON,550 POWELL ST,SAN FRANCISCO,CA,94108
MONKS CELLAR,BAR/TAVERN,ON,240 VERNON STREET,ROSEVILLE,CA,95678
NAPA CIGARS,BAR/TAVERN,ON,1147 1ST ST,NAPA,CA,94559
NATIVE SON RC,BAR/TAVERN,ON,8443 HAVEN AVE #189,RANCHO CUCAMONGA,CA,91730
SUMMER PLACE THE,BAR/TAVERN,ON,801 BUSH ST,SAN FRANCISCO,CA,94108
MASONS STEAKHOUSE,BAR/TAVERN,ON,1170 HANCOCK ST,QUINCY,MA,02169
BREW S BROTHERS BREW PUB,BAR/TAVERN,ON,3000 W OLIVE AV,BURBANK,CA,91505
THE BETH,BAR/TAVERN,ON,18 SHIPYARD DR STE 1K,HINGHAM,MA,02043
CEVICHE TAPAS BAR AND REST,BAR/TAVERN,ON,332 BEACH DRIVE NE,SAINT PETERSBURG,FL,33701
FLAMINGO,BAR/TAVERN,ON,2315 K ST,SACRAMENTO,CA,95816
FAIR OAKS BREW PUB,BAR/TAVERN,ON,7988 CALIFORNIA AVE,FAIR OAKS,CA,95628
THE PRIZEFIGHTER,BAR/TAVERN,ON,6702 HOLLIS ST,EMERYVILLE,CA,94608
LOCKED BARREL,BAR/TAVERN,ON,921 11TH STREET #A,SACRAMENTO,CA,95814
BLOCK PETALUMA,BAR/TAVERN,ON,20 GREY ST,PETALUMA,CA,94952
EVERYWINE,BAR/TAVERN,ON,1111 HEIGHTS BLVD UNIT 2,HOUSTON,TX,77008
PARADISO/BOTANIST/GOOD COMPANIONS,BAR/TAVERN,ON,308 N BISHOP AVENUE BUILDING 1 & 2,DALLAS,TX,75208
WASHINGTON SQUARE TAVERN,BAR/TAVERN,ON,714 WASHINGTON ST,BROOKLINE,MA,02446
MOMOSAN,BAR/TAVERN,ON,80 CAUSEWAY ST,BOSTON,MA,02114
FENG RESTAURANT,BAR/TAVERN,ON,191 WASHINGTON ST,HUDSON,MA,01749
APT 115 A,BAR/TAVERN,ON,2025 E 7TH STREET SUITE 115,AUSTIN,TX,78702
RACE LANE LIQUORS,LIQUOR/PACKAGE STORE,OFF,21 RACE LN,EAST HAMPTON,NY,11937
1936 WINE & SPIRITS,LIQUOR/PACKAGE STORE,OFF,65 E 34TH ST,NEW YORK,NY,10016
REMEDY LIQUOR,LIQUOR/PACKAGE STORE,OFF,138-44 101ST AVE,JAMAICA,NY,11435
SAKE ONO,LIQUOR/PACKAGE STORE,OFF,1000 BRICKELL AVENUE,MIAMI,FL,33131
GARY S LIQUORS KGB,LIQUOR/PACKAGE STORE,OFF,141 ESSEX ST,NEW YORK,NY,10002
K & L (SPIRITS),LIQUOR/PACKAGE STORE,OFF,3005 EL CAMINO REAL,REDWOOD CITY,CA,94061
BURGUNDY & WHITE WINE &LIQUOR,LIQUOR/PACKAGE STORE,OFF,1219 MADISON AVE,NEW YORK,NY,10128
MORTON WILLIAMS WINE & SPIRITS,LIQUOR/PACKAGE STORE,OFF,260 PARK AVE S,NEW YORK,NY,10010
K & L (OFF),LIQUOR/PACKAGE STORE,OFF,3005 EL CAMINO REAL,REDWOOD CITY,CA,94061
GRAND CRU WINE & SPIRITS,LIQUOR/PACKAGE STORE,OFF,555 WEST 42 ST UNIT 1,NEW YORK,NY,10036
REMEDY LIQUOR,LIQUOR/PACKAGE STORE,OFF,1700 W GLENOAKS BLVD  UNIT B,GLENDALE,CA,91203
MARTIN BROTHERS WINE & SPIRITS,LIQUOR/PACKAGE STORE,OFF,2781 BROADWAY,NEW YORK,NY,10025
OF GRAPE & GRAIN,LIQUOR/PACKAGE STORE,OFF,111 SOUTH MONARCH STREET,ASPEN,CO,81611
K & L (WINE),LIQUOR/PACKAGE STORE,OFF,3005 EL CAMINO REAL,REDWOOD CITY,CA,94061
COLUMBUS AVE WINE & SPIRITS,LIQUOR/PACKAGE STORE,OFF,730 COLUMBUS AVE,NEW YORK,NY,10025
FANCY FREE LIQUOR,LIQUOR/PACKAGE STORE,OFF,2001 W BURBANK BL,BURBANK,CA,91506
JENSEN S LIQUOR #2,LIQUOR/PACKAGE STORE,OFF,1516 NW 27TH AVE,MIAMI,FL,33125
K & L WINE TASTING,LIQUOR/PACKAGE STORE,OFF,1400-1408 VINE ST,LOS ANGELES,CA,90028
VINTAGE LIQUORS III,LIQUOR/PACKAGE STORE,OFF,300 SW 18 TERRACE #100,MIAMI,FL,33129
HERBERT & RIST INC,LIQUOR/PACKAGE STORE,OFF,63 JOBS LANE,SOUTHAMPTON,NY,11968
VAN WYCK LIQUORS,LIQUOR/PACKAGE STORE,OFF,52 MAPLE ST,CROTON ON HUDSON,NY,10520
MANHATTAN VALLEY W & L CORP,LIQUOR/PACKAGE STORE,OFF,980 COLUMBUS AVE,NEW YORK,NY,10025
Bullock s Wine & Spirits,LIQUOR/PACKAGE STORE,OFF,3612 Sandy Plains Rd,Marietta,GA,30066
SOPRIS LIQUOR AND WINE,LIQUOR/PACKAGE STORE,OFF,1026 HWY 133,CARBONDALE,CO,81623
CENTRAL PERK WINE & SPIRITS IN,LIQUOR/PACKAGE STORE,OFF,1420 6TH AVENUE,NEW YORK,NY,10019
HAMPTONS PALM BEACH,LIQUOR/PACKAGE STORE,OFF,257-A ROYAL POINCIANA WAY,PALM BEACH,FL,33480
GROVE LIQUORS,LIQUOR/PACKAGE STORE,OFF,2991 SW 32ND AVENUE,MIAMI,FL,33133
AMBASSADOR WINES & SPIRITS,LIQUOR/PACKAGE STORE,OFF,1020 2ND AVENUE,NEW YORK,NY,10022
BROADWAY SPIRITS INC,LIQUOR/PACKAGE STORE,OFF,299 BROADWAY,NEW YORK,NY,10007
SPRING STREET WINE SHOP,LIQUOR/PACKAGE STORE,OFF,187 SPRING ST,NEW YORK,NY,10012
MY WINE & SPIRITS,LIQUOR/PACKAGE STORE,OFF,1895 SOUTH RD,POUGHKEEPSIE,NY,12601
TNT Package Store,LIQUOR/PACKAGE STORE,OFF,5329 Holly Springs Pkwy,Holly Springs,GA,30188
URBAN WINE & SPIRITS,LIQUOR/PACKAGE STORE,OFF,45 1ST AVENUE,NEW YORK,NY,10003
LIQUOR LIBRARY@LAS TERMINAL 1,LIQUOR/PACKAGE STORE,OFF,5757 WAYNE NEWTON BLVD,LAS VEGAS,NV,89119
White Horse Wine & Spirits,LIQUOR/PACKAGE STORE,OFF,497 Highland Ave,Augusta,GA,30909
K & L WINE MERCHANT,LIQUOR/PACKAGE STORE,OFF,855 HARRISON ST,SAN FRANCISCO,CA,94107
ASPEN GROG SHOP,LIQUOR/PACKAGE STORE,OFF,710 E DURANT ST,ASPEN,CO,81611
ADEGA WINE AND SPIRITS INC,LIQUOR/PACKAGE STORE,OFF,31-25 DITMARS BLVD,ASTORIA,NY,11105
REMEDY LIQUOR,LIQUOR/PACKAGE STORE,OFF,6506 E HWY 90 ALT,SUGAR LAND,TX,77479
LIQUOR & WINE WAREHOUSE,LIQUOR/PACKAGE STORE,OFF,3090 OCEAN AVE,BROOKLYN,NY,11235
WINE GEMS,LIQUOR/PACKAGE STORE,OFF,495 NEW ROCHELLE RD,BRONXVILLE,NY,10708
LIQUOR WORLD INSPIRADA ON PREM,LIQUOR/PACKAGE STORE,OFF,2380 VIA INSPIRADA  STE 110,HENDERSON,NV,89044
SUSSEX WINE & SPIRITS,LIQUOR/PACKAGE STORE,OFF,768 2ND AVENUE,NEW YORK,NY,10017
G & I WINE & SPIRITS INC.,LIQUOR/PACKAGE STORE,OFF,48 WILLOUGHBY ST,BROOKLYN,NY,11201
WALLY S WAREHOUSE - OFF SALE,LIQUOR/PACKAGE STORE,OFF,10459 JEFFERSON BLVD,CULVER CITY,CA,90232
STEW LEONARDS/WINES & SPIRITS,LIQUOR/PACKAGE STORE,OFF,1 STEW LEONARD DRIVE STORE 2,YONKERS,NY,10710
BEVY S LIQUOR WORLD,LIQUOR/PACKAGE STORE,OFF,9749 S PARKER RD,PARKER,CO,80134
BARREL TO BOTTLES WINE&SPIRITS,LIQUOR/PACKAGE STORE,OFF,1456 2ND AVE,NEW YORK,NY,10075
LANTANA LIQUORS,LIQUOR/PACKAGE STORE,OFF,300 W MANGO STREET,LANTANA,FL,33462
HB LIQUORS @ COSTCO,LIQUOR/PACKAGE STORE,OFF,20 STEW LEONARD DRIVE,YONKERS,NY,10710
Hilltop Liquor Warehouse,LIQUOR/PACKAGE STORE,OFF,10820 Us Hwy 280,Ellabell,GA,31308
2704 S&A WINES & SPIRITS CORP,LIQUOR/PACKAGE STORE,OFF,42-14 CRESCENT ST,LONG ISLAND CITY,NY,11101
FLAGAMI LIQUORS LLC,LIQUOR/PACKAGE STORE,OFF,751-753 NW 37 AVENUE,MIAMI,FL,33125
PORTOFINO WINE BANK,LIQUOR/PACKAGE STORE,OFF,500 SOUTH POINT DRIVE #110,MIAMI BEACH,FL,33139
BRICKELL WINE BANK,LIQUOR/PACKAGE STORE,OFF,950 BRICKELL BAY DRIVE #110,MIAMI,FL,33131
GULF LIQUOR ON ALTON RD,LIQUOR/PACKAGE STORE,OFF,1681 ALTON ROAD,MIAMI BEACH,FL,33139
ASPEN WINE & SPIRITS,LIQUOR/PACKAGE STORE,OFF,300 PUPPY SMITH ST,ASPEN,CO,81611
GREENPOINT WINE & LIQUORS,LIQUOR/PACKAGE STORE,OFF,89 NASSAU AVE,BROOKLYN,NY,11222
LEE S LIQUOR #8 EASTERN,LIQUOR/PACKAGE STORE,OFF,10935 S EASTERN AVE,HENDERSON,NV,89052
111 LEX LIQUORS INC,LIQUOR/PACKAGE STORE,OFF,111 LEXINGTON AVE,NEW YORK,NY,10016
FINE SPIRITS,LIQUOR/PACKAGE STORE,OFF,5660 S FLAMINGO RD,COOPER CITY,FL,33330
IBIS LIQUORS,LIQUOR/PACKAGE STORE,OFF,10130 NORTHLAKE BLVD,WEST PALM BEACH,FL,33412
Turtle Creek Wine & Spirits,LIQUOR/PACKAGE STORE,OFF,83 Exchange Lane Ste A,Behtlehem,GA,30620
VINTAGE LIQ & WINE BAR II,LIQUOR/PACKAGE STORE,OFF,3301 NE 1ST AVE,MIAMI,FL,33137
VALLEY LIQUOR,LIQUOR/PACKAGE STORE,OFF,2973 LOMA VISTA RD,VENTURA,CA,93003
Ridgewalk Bottle Shop,LIQUOR/PACKAGE STORE,OFF,311 Ridgewalk Parkway,Woodstock,GA,30188
FOUR DOGS FINE WINE & SPIRITS,LIQUOR/PACKAGE STORE,OFF,350 REED ST STE 218,BASALT,CO,81621
Max Beverage,LIQUOR/PACKAGE STORE,OFF,928 Market Place Blvd,Cumming,GA,30041
AZUL SPIRITS & WINE (ON),LIQUOR/PACKAGE STORE,OFF,1414 20TH STREET  #1412-1414,MIAMI BEACH,FL,33139
Liberty World Beverage,LIQUOR/PACKAGE STORE,OFF,3700 Village Way,Braselton,GA,30517
The Beverage Superstore of Grayson,LIQUOR/PACKAGE STORE,OFF,2265 Loganville Hwy,Grayson,GA,30017
BOTTLE BARN,LIQUOR/PACKAGE STORE,OFF,3331 INDUSTRIAL DR #A,SANTA ROSA,CA,95403
The Grove Wine & Spirits,LIQUOR/PACKAGE STORE,OFF,1841 Walnut Grove Pkwy,Covington,GA,30014
Capitol City Package Store,LIQUOR/PACKAGE STORE,OFF,784 Collier Rd NW,Atlanta,GA,30318
Affordable Spirits Atlanta,LIQUOR/PACKAGE STORE,OFF,1151 Chattahoochee Ave,Atlanta,GA,30318
Kenny 18 Bottle Shop,LIQUOR/PACKAGE STORE,OFF,1989 Hosea L Williams Dr SE Ste C,Atlanta,GA,30317
Barrel Town,LIQUOR/PACKAGE STORE,OFF,6300 Powers Ferry Rd Ste 500,Sandy Springs,GA,30339
Duncan Corners Bottle Shoppe,LIQUOR/PACKAGE STORE,OFF,7437 Spout Springs Rd,Flowery Branch,GA,30542
ADI Shakti Trading 07 Inc,LIQUOR/PACKAGE STORE,OFF,Ste B 1116A GA Highway 30,Port Wentworth,GA,31407
Pooler Spirits Warehouse,LIQUOR/PACKAGE STORE,OFF,1032 US Highway 80 W,Pooler,GA,31322
Reliance Enterprises LLC,LIQUOR/PACKAGE STORE,OFF,Ste 110 100 Zoya Lane,Pooler,GA,31322
Liquor Depot,LIQUOR/PACKAGE STORE,OFF,903 N Veterans Blvd,Glennville,GA,30427
Liquor Land,LIQUOR/PACKAGE STORE,OFF,1009 Towne Center Blvd #10,Pooler,GA,31322
One Stop Liquor And Wine,LIQUOR/PACKAGE STORE,OFF,976 SE Broad St,Metter,GA,30439
Verunihi LLC,LIQUOR/PACKAGE STORE,OFF,3991 Ga Hwy 67,Pembroke,GA,31321
Port City Spirit,LIQUOR/PACKAGE STORE,OFF,6 Magnolia Blvd,Port Wentworth,GA,31407
Blue Mile WIne & Spirits LLC,LIQUOR/PACKAGE STORE,OFF,12 Brannen St,Statesboro,GA,30458
Bootliquors  LLC,LIQUOR/PACKAGE STORE,OFF,2823 Northside Dr W,Statesboro,GA,30458
Whiskey Business,LIQUOR/PACKAGE STORE,OFF,1410 Northside Dr E,Statesboro,GA,30458
S Boro Liquors,LIQUOR/PACKAGE STORE,OFF,860 Buckhead Dr,Statesboro,GA,30458
SPEC S 061 WINE MAIN,LIQUOR/PACKAGE STORE,OFF,4970 US 290 WEST BLDG 6,AUSTIN,TX,78735
NEW YORK WINE EXCHANGE,LIQUOR/PACKAGE STORE,OFF,9 BROADWAY,NEW YORK,NY,10004
K & L MERCHANT,LIQUOR/PACKAGE STORE,OFF,855 HARRISON ST,SAN FRANCISCO,CA,94107
NETCOST LIQUORS,LIQUOR/PACKAGE STORE,OFF,3161 AMBOY ROAD,STATEN ISLAND,NY,10306
QWIK KORNER,LIQUOR/PACKAGE STORE,OFF,1170 E YORBA LINDA BLVD,PLACENTIA,CA,92870
BASECAMP WINE AND SPIRITS,LIQUOR/PACKAGE STORE,OFF,223 LUSHER CT UNIT 1,FRISCO,CO,80443
HOUSE OF AMBROSE WINE/SPIRITS,LIQUOR/PACKAGE STORE,OFF,3331 BARHAM BL,LOS ANGELES,CA,90068
LEE S LIQUOR 118 BLUE DIAMOND,LIQUOR/PACKAGE STORE,OFF,4605 BLUE DIAMOND RD,LAS VEGAS,NV,89139
SANTA MONICA LIQUOR,LIQUOR/PACKAGE STORE,OFF,1001 WILSHIRE BL,SANTA MONICA,CA,90401
SUPER DUPER LIQUOR,LIQUOR/PACKAGE STORE,OFF,614-B BELVEDERE RD,WEST PALM BEACH,FL,33403
K & L WINE MERCHANTS,LIQUOR/PACKAGE STORE,OFF,920 BING ST,SAN CARLOS,CA,94070
THORNWOOD WINES & SPIRITS,LIQUOR/PACKAGE STORE,OFF,1004 BROADWAY,THORNWOOD,NY,10594
WINE HOUSE,LIQUOR/PACKAGE STORE,OFF,2311 COTNER AV,LOS ANGELES,CA,90064
Dacula Cork And Bottle,LIQUOR/PACKAGE STORE,OFF,2200 Hurricane Shola Rd,Dacula,GA,30019
Browns Package Store,LIQUOR/PACKAGE STORE,OFF,2896 Browns Bridge Rd,Gainesville,GA,30504
CENTRAL PARK FINE WINE & SPIRI,LIQUOR/PACKAGE STORE,OFF,2955 ULSTER STREET #101/102,DENVER,CO,80238
LIQUOR WORLD LV WESTERN #112,LIQUOR/PACKAGE STORE,OFF,3301 WESTERN AVE,LAS VEGAS,NV,89109
NORMANDIE WINES,LIQUOR/PACKAGE STORE,OFF,1834 SECOND AVE,NEW YORK,NY,10128
CAPPY S WAREHOUSE W & S INC,LIQUOR/PACKAGE STORE,OFF,670 MERRICK RD,LYNBROOK,NY,11563
MR D,LIQUOR/PACKAGE STORE,OFF,3020 NW 7TH AVE STE 2,MIAMI,FL,33127
STAR LIQUORS,LIQUOR/PACKAGE STORE,OFF,11924 FOREST HILL BLVD #16,WELLINGTON,FL,33414
BEST BUY LIQUORS,LIQUOR/PACKAGE STORE,OFF,1613 NEPTUNE AVE,BROOKLYN,NY,11224
KAPPY S FINE WINE & SPIRITS,LIQUOR/PACKAGE STORE,OFF,325 BENNETT HWY,MALDEN,MA,02148
Dunwoody Beverage,LIQUOR/PACKAGE STORE,OFF,1418 Dunwoody Vilg Pkwy,Dunwoody,GA,30338
SPEC S 000 WAREHOUSE WINE MAIN,LIQUOR/PACKAGE STORE,OFF,2410 SMITH ST,HOUSTON,TX,77006
Om Kesari Inc,LIQUOR/PACKAGE STORE,OFF,1230 Dawsonville Hwy,Gainesville,GA,30501
SCHUMER S WINES & LIQUORS,LIQUOR/PACKAGE STORE,OFF,59 E 54TH ST,NEW YORK,NY,10022
RED HILL LIQUOR,LIQUOR/PACKAGE STORE,OFF,3302 E CHAPMAN AV,ORANGE,CA,92869
Village Spirits,LIQUOR/PACKAGE STORE,OFF,5462 McEver Rd,Flowery Branch,GA,30542
The Bottle Shop (New),LIQUOR/PACKAGE STORE,OFF,1510 Eatonton Rd,Madison,GA,30650
ALEX DISCOUNT LIQUOR&WINE CORP,LIQUOR/PACKAGE STORE,OFF,1645 86TH ST,BROOKLYN,NY,11214
Savannah World of Beverages,LIQUOR/PACKAGE STORE,OFF,1900 Benton Blvd  Ste 101,Savannah,GA,31407
KAPPY S FINE WINE & SPIRITS FA,LIQUOR/PACKAGE STORE,OFF,21 SPRING ST,FALMOUTH,MA,02540
WINE EMPORIUM I,LIQUOR/PACKAGE STORE,OFF,607 TREMONT ST,BOSTON,MA,02118
AAIRA LIQUORS A,LIQUOR/PACKAGE STORE,OFF,30668 ALDINE WESTFIELD RD STE C,SPRING,TX,77386
Stevens Creek Spirits,LIQUOR/PACKAGE STORE,OFF,1061Stevens Creek Rd,Augusta,GA,30907
SALUTE MARKET,LIQUOR/PACKAGE STORE,OFF,5530 PGA BLVD,PALM BEACH GARDENS,FL,33410
Beyond Water Wine & Spirits,LIQUOR/PACKAGE STORE,OFF,991 Thornton Rd,Lithia Springs,GA,30122
SENDSIPS,LIQUOR/PACKAGE STORE,OFF,736 1ST STREET,BENICIA,CA,94510
WILIBEE S WINE & SPIRITS,LIQUOR/PACKAGE STORE,OFF,309 LAKEVILLE ST,PETALUMA,CA,94952
365 Superstore,LIQUOR/PACKAGE STORE,OFF,3840 State Hwy 365,Alto,GA,30510
Hometown Spirits  (SKS),LIQUOR/PACKAGE STORE,OFF,4856 Hog Mountain Rd,Flowery Branch,GA,30542
CAI S WINES & LIQUORS INC,LIQUOR/PACKAGE STORE,OFF,254-23 NORTHERN BLVD,LITTLE NECK,NY,11362
KAPPY S FINE WINE & SPIRITS,LIQUOR/PACKAGE STORE,OFF,10 REVERE BEACH PKWY,MEDFORD,MA,02155
KAPPY S FINE WINE & SPIRITS,LIQUOR/PACKAGE STORE,OFF,746 MAIN ST,MALDEN,MA,02148
KAPPY S FINE WINE & SPIRITS,LIQUOR/PACKAGE STORE,OFF,175 ANDOVER ST,PEABODY,MA,01960
KAPPY S FINE WINE & SPIRITS,LIQUOR/PACKAGE STORE,OFF,158 ANDOVER ST,DANVERS,MA,01923
TOTAL BEVERAGE WESTMINSTER,LIQUOR/PACKAGE STORE,OFF,9359 SHERIDAN BOULEVARD,WESTMINSTER,CO,80031
KAPPY S FINE WINE & SPIRITS,LIQUOR/PACKAGE STORE,OFF,220 WHALON ST,FITCHBURG,MA,01420
Green s Northeast,LIQUOR/PACKAGE STORE,OFF,2614 Buford Hwy NE,Atlanta,GA,30324
KAPPY S FINE WINE & SPIRITS,LIQUOR/PACKAGE STORE,OFF,104 WASHINGTON ST,NORWELL,MA,02061
55TH STREET LIQUORS,LIQUOR/PACKAGE STORE,OFF,50 WEST 55 ST,NEW YORK,NY,10019
Village Spirit Shoppe,LIQUOR/PACKAGE STORE,OFF,100 Moonlight Ln  Ste B,Pooler,GA,31322
TODAY S LIQUOR,LIQUOR/PACKAGE STORE,OFF,333 N VERDUGO RD,GLENDALE,CA,91206
KAPPY S FINE WINE & SPIRITS,LIQUOR/PACKAGE STORE,OFF,333 IYANNOUGH RD,HYANNIS,MA,02601
CENTRAL PARK LIQUOR OF STEAMBO,LIQUOR/PACKAGE STORE,OFF,1835 CENTRAL PARK DRIVE,STEAMBOAT SPRINGS,CO,80487
KAPPY S FINE WINE & SPIRITS,LIQUOR/PACKAGE STORE,OFF,216 BORDER ST,E BOSTON,MA,02128
CHIP S LIQUOR,LIQUOR/PACKAGE STORE,OFF,1924-26 GARNET AVE,SAN DIEGO,CA,92109
Parker s Spirits,LIQUOR/PACKAGE STORE,OFF,8 N Godley Station Blvd,Pooler,GA,31322
EVERGREEN DISCOUNT LIQUORS,LIQUOR/PACKAGE STORE,OFF,3847 EVERGREEN PARKWAY,EVERGREEN,CO,80439
FRISCO LIQUORS,LIQUOR/PACKAGE STORE,OFF,416 EAST MAIN STREET UNIT 5,FRISCO,CO,80443
Canton Wine & Spirits Warehouse,LIQUOR/PACKAGE STORE,OFF,2017 Marietta Highway,Canton,GA,30114
SENNETT STILL AND BARREL,LIQUOR/PACKAGE STORE,OFF,354 GRANT AVE,AUBURN,NY,13021
SAG HARBOR LIQUOR STORE,LIQUOR/PACKAGE STORE,OFF,52 MAIN ST,SAG HARBOR,NY,11963
WINE HUT CORP  THE,LIQUOR/PACKAGE STORE,OFF,197 6TH AVE,NEW YORK,NY,10014
LEDGER S LIQUOR STORE,LIQUOR/PACKAGE STORE,OFF,1399 UNIVERSITY AVE,BERKELEY,CA,94702
RIVIERA LIQUORS,LIQUOR/PACKAGE STORE,OFF,2401 COLLINS AVE,MIAMI BEACH,FL,33140
NEW EHRLICH WINE & LIQUOR,LIQUOR/PACKAGE STORE,OFF,222 AMSTERDAM AVE,NEW YORK,NY,10023
HAPPY LIQUORS,LIQUOR/PACKAGE STORE,OFF,40-40 COLLEGE POINT BLVD,FLUSHING,NY,11354
Lakeside Package,LIQUOR/PACKAGE STORE,OFF,6168 Gaines Ferry Rd Ste 1&2,Flowery Branch,GA,30542
LIQUOR UP & WINE DOWN,LIQUOR/PACKAGE STORE,OFF,383 1ST AVE,NEW YORK,NY,10010
Newnan Bottle Shop,LIQUOR/PACKAGE STORE,OFF,937 Lower Fayetteville Rd,Newnan,GA,30263
PRINCE STREET WINE & LIQUOR,LIQUOR/PACKAGE STORE,OFF,37-20 PRINCE STREET STORE #1B,FLUSHING,NY,11354
ROYAL LIQUORS,LIQUOR/PACKAGE STORE,OFF,3144 WILLIAMS RD,SAN JOSE,CA,95117
QC Party Store,LIQUOR/PACKAGE STORE,OFF,711-B Industrial Blvd,Gainesville,GA,30501
OUTBACK LIQUORS,LIQUOR/PACKAGE STORE,OFF,113 S ELIZABETH,ELIZABETH,CO,80107
KAPPY S FINE WINE & SPIRITS,LIQUOR/PACKAGE STORE,OFF,580 WILLIAM S CANNING BL,FALL RIVER,MA,02721
SPEC S 221 WINE MAIN,LIQUOR/PACKAGE STORE,OFF,19000 LIMESTONE COMMERCIAL DR,PFLUGERVILLE,TX,78660
WINE & SPIRITS DISCOUNT WAREHO,LIQUOR/PACKAGE STORE,OFF,8 JOYCE RD STORE 2,NEW ROCHELLE,NY,10801
Atlanta Hwy Package,LIQUOR/PACKAGE STORE,OFF,1652 Atlanta Hwy,Gainesville,GA,30504
STONY BROOK WINE & LIQUOR INC,LIQUOR/PACKAGE STORE,OFF,2192 NESCONSET HGWY,STONY BROOK,NY,11790
Jax Beverage Superstore Conyers,LIQUOR/PACKAGE STORE,OFF,1897 Hwy 20 SE,Conyers,GA,30013
Drip and Drop,LIQUOR/PACKAGE STORE,OFF,11289 Highway 92,Woodstock,GA,30188
BOSS LIQUOR,LIQUOR/PACKAGE STORE,OFF,5781 EAST 128TH AVENUE #160,THORNTON,CO,80602
KAKAAKO WINE LLC,LIQUOR/PACKAGE STORE,OFF,2915 KAIHIKAPU ST SUITE 102,HONOLULU,HI,96819
SEAHOLM WINES & LIQUORS,LIQUOR/PACKAGE STORE,OFF,132 136 WALL STREET,HUNTINGTON,NY,11743
305 WINES LLC,LIQUOR/PACKAGE STORE,OFF,8233 S DIXIE HIGHWAY,MIAMI,FL,33143
CIRCUS LIQUOR,LIQUOR/PACKAGE STORE,OFF,5600 VINELAND AV,NORTH HOLLYWOOD,CA,91601
AB Liquor Store,LIQUOR/PACKAGE STORE,OFF,1901 Manchester Expressway Ste B,Columbus,GA,31904
Guyton Liquors LLC,LIQUOR/PACKAGE STORE,OFF,109 W Central Blvd,Guyton,GA,31312
Peach State Bottle Shop,LIQUOR/PACKAGE STORE,OFF,3260 Maysville Rd,Commerce,GA,30529
ARGONAUT WINE & LIQUOR STORE I,LIQUOR/PACKAGE STORE,OFF,760 E COLFAX AVE,DENVER,CO,80203
Lilburn Package Store  **CLOSED**,LIQUOR/PACKAGE STORE,OFF,501 Indian Trail Rd,Lilburn,GA,30047
Hops  Grains & Vine (GHOMST),LIQUOR/PACKAGE STORE,OFF,3997 Dallas Hwy SW #600,Marietta,GA,30064
Beverage Vault,LIQUOR/PACKAGE STORE,OFF,109 Bullsboro Dr,Newnan,GA,30263
Savi - Emory,LIQUOR/PACKAGE STORE,OFF,1593 N Decatur Rd NE,Atlanta,GA,30307
Bottoms Up Beverages,LIQUOR/PACKAGE STORE,OFF,11950 Jones Bridge Rd Ste 113,Johns Creek,GA,30005
Beverage Haven,LIQUOR/PACKAGE STORE,OFF,2014 Powers Ferry Rd SE Ste 500,Atlanta,GA,30339
Beverage Mart,LIQUOR/PACKAGE STORE,OFF,3482 Cobb Pkwy NW,Acworth,GA,30101
Sweetwater Package **CLOSED**,LIQUOR/PACKAGE STORE,OFF,3900 Peachtre Ind l Blvd,Duluth,GA,30096
124 Package (Lithonia),LIQUOR/PACKAGE STORE,OFF,7980 Rockbridge Rd,Lithonia,GA,30058
BT Cartersville,LIQUOR/PACKAGE STORE,OFF,20 Apex Dr. SW,Cartersville,GA,30121
Riverstone Beverage,LIQUOR/PACKAGE STORE,OFF,1554 Riverstone Pkwy Ste 100,Canton,GA,30114
J & J Beer Wine Liquor,LIQUOR/PACKAGE STORE,OFF,1590 Hudson Bridge Rd,Stockbridge,GA,30281
Eddi s Package Store,LIQUOR/PACKAGE STORE,OFF,3815 Flat Shoals Pkwy Ste A,Decatur,GA,30034
Wine & Spirits,LIQUOR/PACKAGE STORE,OFF,1694 Whittlesey Rd Ste A,Columbus,GA,31904
Big Man Package Store,LIQUOR/PACKAGE STORE,OFF,2594 Candler Rd.,Decatur,GA,30034
ALPINE WINE & SPIRITS,LIQUOR/PACKAGE STORE,OFF,2109 N FRONTAGE RD #H,VAIL,CO,81657
TOP SHELF W/S MJRA,LIQUOR/PACKAGE STORE,OFF,6795 W TROPICANA AVE STE 130,LAS VEGAS,NV,89103
WAGON WHEEL LIQUORS,LIQUOR/PACKAGE STORE,OFF,30 TOWN PLAZA,DURANGO,CO,81301
SIERRA MART AND LIQUOR,LIQUOR/PACKAGE STORE,OFF,5245 VISTA BOULEVARD SUITE F-2,SPARKS,NV,89436
MOUNTAIN MOON SHINE,LIQUOR/PACKAGE STORE,OFF,2812 COLORADO BLVD,IDAHO SPRINGS,CO,80452
Gwinnett Package Store,LIQUOR/PACKAGE STORE,OFF,3035 Pleasant Hill Rd,Duluth,GA,30096
Suwanee Pkg Store,LIQUOR/PACKAGE STORE,OFF,3063A LAWRENCEVILLE SUWANEE RD,Suwanee,GA,30024
MASHBILL WINE AND SPIRITS,LIQUOR/PACKAGE STORE,OFF,24 AVENUE C,NEW YORK,NY,10009
Jax Package Store,LIQUOR/PACKAGE STORE,OFF,2754 E College Ave,Decatur,GA,30030
Bootleggers Package Store,LIQUOR/PACKAGE STORE,OFF,5782 W Oglethorpe Hwy,Walthourville,GA,31333
VSZ Liquores LLC,LIQUOR/PACKAGE STORE,OFF,1349 Harris Trail Rd,Richmond Hill,GA,31322
M and S Liquor Store,LIQUOR/PACKAGE STORE,OFF,2367 Ga Hwy 196 W,Hinesville,GA,31313
B & B Package Shop,LIQUOR/PACKAGE STORE,OFF,4630 US Hwy 80 E,Ellabell,GA,31308
County Line Pkg Shop,LIQUOR/PACKAGE STORE,OFF,RR 1 Box 272,Metter,GA,30439
Richmond Hill Liquor(Brown Bag),LIQUOR/PACKAGE STORE,OFF,9701 Ford Ave,Richmond Hill,GA,31324
SPEC S 071 WINE MAIN,LIQUOR/PACKAGE STORE,OFF,3902 BISSONNET,HOUSTON,TX,77005
SPEC S 053 WINE MAIN,LIQUOR/PACKAGE STORE,OFF,8416 KATY FREEWAY,SPRING VALLEY,TX,77024
MARTINIS FINE WINE & SPIRITS,LIQUOR/PACKAGE STORE,OFF,81650 OVERSEAS HWY UNIT A,ISLAMORADA,FL,33036
VINYA WINE AND MARKET,LIQUOR/PACKAGE STORE,OFF,328 CRANDON BLVD UNITS 122-123,KEY BISCAYNE,FL,33149
FRANKS LIQUOR & MARKET,LIQUOR/PACKAGE STORE,OFF,10559 SANTA MONICA,WEST LOS ANGELES,CA,90025
LEE S LIQUOR #16 BOCA,LIQUOR/PACKAGE STORE,OFF,780 S RAMPART,LAS VEGAS,NV,89145
SUNNY S LIQUOR,LIQUOR/PACKAGE STORE,OFF,5603 HWY 67 EAST,ALVARADO,TX,76009
BEVERLY LIQUOR,LIQUOR/PACKAGE STORE,OFF,8253 W 3RD ST,LOS ANGELES,CA,90048
MARUICHI JAPANESE FOOD AND DEL,LIQUOR/PACKAGE STORE,OFF,306 HARVARD ST,BROOKLINE,MA,02446
EMILIOS BEVERAGE WAREHOUSE,LIQUOR/PACKAGE STORE,OFF,17251 LAKEWOOD BL,BELLFLOWER,CA,90706
LIQUOR LIBRARY,LIQUOR/PACKAGE STORE,OFF,7433 OAKMONT BLVD,FORT WORTH,TX,76132
COSTA MESA WINE & SPIRITS,LIQUOR/PACKAGE STORE,OFF,891 BAKER ST #B1,COSTA MESA,CA,92626
J & J SPIRIT SHOP,LIQUOR/PACKAGE STORE,OFF,199 RAILROAD AVE,SAYVILLE,NY,11782
JAY S WINE & SPIRITS,LIQUOR/PACKAGE STORE,OFF,1702 PRESIDENT AVE,FALL RIVER,MA,02720
WALDEN LIQUORS,LIQUOR/PACKAGE STORE,OFF,18 WALDEN ST,CONCORD,MA,01742
HARBORSIDE WINE & SPIRIT,LIQUOR/PACKAGE STORE,OFF,109 FRONT ST,SCITUATE,MA,02066
JULIO S LIQUORS INC,LIQUOR/PACKAGE STORE,OFF,140 TURNPIKE RD,WESTBORO,MA,01581
COLONIAL SPIRITS,LIQUOR/PACKAGE STORE,OFF,BOX 2350 87 GREAT RD,ACTON,MA,01720
ACTON WINE & SPIRIT CO,LIQUOR/PACKAGE STORE,OFF,305 MAIN ST  RTE 27,ACTON,MA,01720
129 Package Store,LIQUOR/PACKAGE STORE,OFF,2126 Athens Hwy,Gainesville,GA,30507
Summit Stores,LIQUOR/PACKAGE STORE,OFF,1920 GA Hwy 18,West Point,GA,31833
Nitro 2 Go Beverages,LIQUOR/PACKAGE STORE,OFF,9135 Martin Luther King Jr Ave,Covington,GA,30014
FISHERS LIQUOR BARN,LIQUOR/PACKAGE STORE,OFF,2438 PATTERSON ROAD,GRAND JUNCTION,CO,81505
CAMPUS WEST LIQUOR DEPOT,LIQUOR/PACKAGE STORE,OFF,1107 CITY PARK AVENUE,FORT COLLINS,CO,80521
GA World Of Beverage,LIQUOR/PACKAGE STORE,OFF,8455 Senoia Rd,Fairburn,GA,30213
Max s Bottle Shop,LIQUOR/PACKAGE STORE,OFF,6395 Mcginnis Ferry Rd,Johns Creek,GA,30005
Westside Bottle Shop,LIQUOR/PACKAGE STORE,OFF,3685 Atlanta Hwy,Athens,GA,30606
Bankhead Beverage,LIQUOR/PACKAGE STORE,OFF,1595 Bankhead Hwy,Carrollton,GA,30116
MONDO VINO,LIQUOR/PACKAGE STORE,OFF,3601 W 32ND AVE,DENVER,CO,80211
SUNDANCE,LIQUOR/PACKAGE STORE,OFF,0016 KEARNS RD STE101 104 115,SNOWMASS VILLAGE,CO,81615
WOLLASTON WINE CO,LIQUOR/PACKAGE STORE,OFF,54 BEALE ST,WOLLASTON,MA,02170
Hiawassee Package Inc,LIQUOR/PACKAGE STORE,OFF,405 Brett Way,Hiawassee,GA,30546
Stateline Liquor,LIQUOR/PACKAGE STORE,OFF,52 Highway 41,Ringgold,GA,30736
Whitlock Package Store,LIQUOR/PACKAGE STORE,OFF,940 Whitlock Ave NW,Marietta,GA,30064
Hill Top Beverage,LIQUOR/PACKAGE STORE,OFF,12 Hefner St Ste 103,East Ellijay,GA,30540
Toco Giant Package,LIQUOR/PACKAGE STORE,OFF,2941 N Druid Hills Rd NE  Ste A,Atlanta,GA,30329
SPEC S 150 WINE MAIN,LIQUOR/PACKAGE STORE,OFF,9500 N CENT EXPRESSWAY STE 200,DALLAS,TX,75231
RIVERWALK WINE & SPIRITS,LIQUOR/PACKAGE STORE,OFF,34295 HWY 6 UNITS C-1A & C-1B,EDWARDS,CO,81632
Johnnie Ganem Package Shop,LIQUOR/PACKAGE STORE,OFF,501 Habersham St,Savannah,GA,31401
SPEC S 062 WINE MAIN,LIQUOR/PACKAGE STORE,OFF,10515 N MOPAC BUILDING K,AUSTIN,TX,78735
Athens Hwy Package,LIQUOR/PACKAGE STORE,OFF,898 W Ridge Rd,Gainesville,GA,30501
ANGIE S WINES & SPIRITS,LIQUOR/PACKAGE STORE,OFF,329 MAMARONECK AVE,MAMARONECK,NY,10543
Island Spirit,LIQUOR/PACKAGE STORE,OFF,444 Johnny Mercer Blvd,Savannah,GA,31410
CHOICE LIQUORS,LIQUOR/PACKAGE STORE,OFF,680 WAPITI COURT,RIFLE,CO,81650
World Beverage (Cumming),LIQUOR/PACKAGE STORE,OFF,6190 GA Highway 400,Cumming,GA,30028
Royal Package,LIQUOR/PACKAGE STORE,OFF,5464 Lawrenceville  NW Hwy 29,Lilburn,GA,30047
LUKES LIQUORS,LIQUOR/PACKAGE STORE,OFF,3 WASHINGTON ST,CANTON,MA,02021
LIQUOR TOWN,LIQUOR/PACKAGE STORE,OFF,506 GRANBY RD,S HADLEY,MA,01075
A&M Beverage Company,LIQUOR/PACKAGE STORE,OFF,437 Lewiston Rd Ste 6,Grovetown,GA,30813
BASSER S FINE WINE INC (ON),LIQUOR/PACKAGE STORE,OFF,6240 CORAL RIDGE DR,CORAL SPRINGS,FL,33076
Two Guys Beverage & Tobacco NEW,LIQUOR/PACKAGE STORE,OFF,100 Rudell Rd,Vidalia,GA,30474
BEACON HILL WINE & SPIRITS,LIQUOR/PACKAGE STORE,OFF,63 CHARLES ST,BOSTON,MA,02114
SIX CORNERS,LIQUOR/PACKAGE STORE,OFF,166 MILL RD,WESTHAMPTON BEACH,NY,11978
TOP SHELF WINE & SPIRITS,LIQUOR/PACKAGE STORE,OFF,6415 S FORT APACHE RD STE 100,LAS VEGAS,NV,89148
ANTHONY S BEER & WINE,LIQUOR/PACKAGE STORE,OFF,531 LINCOLN ST,MARLBORO,MA,01752
NORTH GEORGIA LIQUOR INC,LIQUOR/PACKAGE STORE,OFF,200 E LOUISE ST,Clarkesville,GA,30523
Jax Superstore,LIQUOR/PACKAGE STORE,OFF,2438 Hancock Dr,Buford,GA,30190
QUENCH LIQUORS INC,LIQUOR/PACKAGE STORE,OFF,217 WAVERLY AVE,PATCHOGUE,NY,11772
LEE S LIQUOR #3 LAKE MEAD,LIQUOR/PACKAGE STORE,OFF,7411 W LAKE MEAD BLVD,LAS VEGAS,NV,89128
LEE S LIQUOR 106 LV BLVD,LIQUOR/PACKAGE STORE,OFF,9110 LAS VEGAS BLVD,LAS VEGAS,NV,89123
LEE S LIQUOR #7 W FLAMINGO,LIQUOR/PACKAGE STORE,OFF,9355 W FLAMINGO RD,LAS VEGAS,NV,89147
LEE S LIQUOR #2 RANCHO,LIQUOR/PACKAGE STORE,OFF,4421 N RANCHO DR,LAS VEGAS,NV,89130
ROCKVILLE CENTRE WINE & SPIRIT,LIQUOR/PACKAGE STORE,OFF,218 N LONG BEACH RD,ROCKVILLE CENTRE,NY,11570
LEE S LIQUOR #1 SUNSET,LIQUOR/PACKAGE STORE,OFF,4427 E SUNSET RD,HENDERSON,NV,89014
RIVERSIDE LIQUORS INC.,LIQUOR/PACKAGE STORE,OFF,2728 BROADWAY,NEW YORK,NY,10025
SUNNY S WINE & SPIRITS,LIQUOR/PACKAGE STORE,OFF,161 3RD AVE,NEW YORK,NY,10003
STONEFIELD LIQUOR,LIQUOR/PACKAGE STORE,OFF,3503 S SAM HOUSTON PKWY E STE 100,HOUSTON,TX,77047
Golden Package,LIQUOR/PACKAGE STORE,OFF,10707 Commerce St,Summerville,GA,30747
RICKY LIQUOR STORE,LIQUOR/PACKAGE STORE,OFF,7818 WOODSIDE AVE,ELMHURST,NY,11373
LITTLE DAISY LIQUOR,LIQUOR/PACKAGE STORE,OFF,401 US HIGHWAY 24 NORTH,BUENA VISTA,CO,81211
WEST VIEW BOTTLE APOSTLE,LIQUOR/PACKAGE STORE,OFF,14055 GOLDENWEST ST,WESTMINSTER,CA,92683
CAMBRIDGE SPIRITS,LIQUOR/PACKAGE STORE,OFF,250 KENDALL ST,CAMBRIDGE,MA,02142
7 WINE 6 INC,LIQUOR/PACKAGE STORE,OFF,912 ELMWOOD AVE,BUFFALO,NY,14222
VAL S LIQUORS,LIQUOR/PACKAGE STORE,OFF,1531 3RD ST,NAPA,CA,94559
KENT CELLARS FINE WINE,LIQUOR/PACKAGE STORE,OFF,3475 S UNIVERSITY BLVD,ENGLEWOOD,CO,80113
GREAT AMERICAN CRAFT SPIRITS,LIQUOR/PACKAGE STORE,OFF,29911 AVENTURA #E,RCHO STA MARG,CA,92688
Rockhouse Beverage,LIQUOR/PACKAGE STORE,OFF,122 RockhouseRoad,Senoia,GA,30276
QUALITY MART,LIQUOR/PACKAGE STORE,OFF,21 MASS AVE,BOSTON,MA,02115
Valkyria Group LLC,LIQUOR/PACKAGE STORE,OFF,6035 Peachtree Rd Ste 106,Doraville,GA,30360
ABC Warehouse,LIQUOR/PACKAGE STORE,OFF,1100 Eisenhower DR,Savannah,GA,31406
STAR LIQUORS IV,LIQUOR/PACKAGE STORE,OFF,10650 FOREST HILL BLVD,WELLINGTON,FL,33414
Wilshire Liquor Beer & Wine,LIQUOR/PACKAGE STORE,OFF,1200 Highway 74 S Ste 8,Peachtree City,GA,30269
BARRELS & STILLS WINES SPIRITS,LIQUOR/PACKAGE STORE,OFF,685 WALT WHITMAN RD,MELVILLE,NY,11747
HUDSON WINE & SPIRITS INC,LIQUOR/PACKAGE STORE,OFF,165 HUDSON ST,NEW YORK,NY,10013
LEE S LIQUOR #115 FLAMBOW,LIQUOR/PACKAGE STORE,OFF,4230 S RAINBOW BLVD,LAS VEGAS,NV,89103
HAMPTON BAYS WINE AND SPIRITS,LIQUOR/PACKAGE STORE,OFF,46 E. MONTAUK HIGHWAY,HAMPTON BAYS,NY,11946
Brandon s Package Store,LIQUOR/PACKAGE STORE,OFF,101 Petrol Pt,Peachtree City,GA,30269
Sigman Bottle Shop,LIQUOR/PACKAGE STORE,OFF,439 Sigman Rd NW  Ste A,Conyers,GA,30012
Riverwood Wine & Spirits,LIQUOR/PACKAGE STORE,OFF,5118 Washington Rd,Evans,GA,30809
LEE S LIQUOR #10 WARM SPRINGS,LIQUOR/PACKAGE STORE,OFF,8785 W WARM SPRINGS RD,LAS VEGAS,NV,89148
AAA DISCOUNT LIQUORS OUTLET,LIQUOR/PACKAGE STORE,OFF,2175 60TH AVE EAST,ELLENTON,FL,34222
MAYFAIR LIQUORS,LIQUOR/PACKAGE STORE,OFF,1385 KRAMERIA ST,DENVER,CO,80220
RHINO LIQUORS,LIQUOR/PACKAGE STORE,OFF,6820 CO-82,GLENWOOD SPRINGS,CO,81601
HOVER CROSSING WINE & SPIRITS,LIQUOR/PACKAGE STORE,OFF,1844 HOVER ST UNIT E,LONGMONT,CO,80501
LIQUOR PARK,LIQUOR/PACKAGE STORE,OFF,2001 COIT ROAD SUITE 307,PLANO,TX,75075
172 BARGAIN LIQUORS,LIQUOR/PACKAGE STORE,OFF,172 SUNRISE HWY.,ROCKVILLE CENTRE,NY,11570
LEE S LIQUOR #14 BOULDER,LIQUOR/PACKAGE STORE,OFF,1388 S BOULDER HWY,HENDERSON,NV,89015
Hwy 5 Beverage Center,LIQUOR/PACKAGE STORE,OFF,9079 Hwy 5,Douglasville,GA,30134
VILLAGE WAREHOUSE WINES,LIQUOR/PACKAGE STORE,OFF,0101 FAWCETT RD,AVON,CO,81620
Broughton Street Liquor,LIQUOR/PACKAGE STORE,OFF,14 E Broughton St,Savannah,GA,31401
MARSHFIELD BLANCHARDS INC,LIQUOR/PACKAGE STORE,OFF,700 PLAIN ST,MARSHFIELD,MA,02050
TUSTIN WINE SPIRITS,LIQUOR/PACKAGE STORE,OFF,14211 REDHILL AVE,TUSTIN,CA,92780
LEE S LIQUOR #9 MESQUITE,LIQUOR/PACKAGE STORE,OFF,670 W PIONEER BLVD,MESQUITE,NV,89027
SAKEONE,LIQUOR/PACKAGE STORE,OFF,820 ELM STREET,FOREST GROVE,OR,97116
THE LIQUOR STORE,LIQUOR/PACKAGE STORE,OFF,7715 DUBLIN BOULEVARD #140,COLORADO SPRINGS,CO,80923
NEW GOLDEN WINE & LIQUOR,LIQUOR/PACKAGE STORE,OFF,41-08 BELL BLVD,BAYSIDE,NY,11361
K & L WINE MERCHANTS,LIQUOR/PACKAGE STORE,OFF,1400-1408 VINE ST,LOS ANGELES,CA,90028
FLASK HP,LIQUOR/PACKAGE STORE,OFF,5900 N FIGUEROA ST,LOS ANGELES,CA,90042
WINE & LIQUOR DEPOT,LIQUOR/PACKAGE STORE,OFF,207 ISLIP AVE,ISLIP,NY,11751
HAPPY S MARKET & SPIRITS,LIQUOR/PACKAGE STORE,OFF,807 N AVENUE 50 #11,LOS ANGELES,CA,90042
RED MOUNTAIN LIQUOR,LIQUOR/PACKAGE STORE,OFF,81 GILLASPEY AVE,CRESTED BUTTE,CO,81224
ABC Package,LIQUOR/PACKAGE STORE,OFF,2303 W Broad St,Athens,GA,30606
7 DAYS LIQUOR,LIQUOR/PACKAGE STORE,OFF,1700 VICTORY BL,GLENDALE,CA,91201
CANTINA LIQUORS,LIQUOR/PACKAGE STORE,OFF,8310 6TH ST,WELLINGTON,CO,80549
CENTRAL LIQUOR,LIQUOR/PACKAGE STORE,OFF,178 ORANGE AV,CORONADO,CA,92118
SUMMERLAND WINES & SPIRITS,LIQUOR/PACKAGE STORE,OFF,24816 OVERSEAS HWY,SUMMERLAND KEY,FL,33042
HIGH MOUNTAIN LIQUOR,LIQUOR/PACKAGE STORE,OFF,901 N MAIN STREET,GUNNISON,CO,81230
DIMENSION LIQUOR,LIQUOR/PACKAGE STORE,OFF,20761 LAKE FOREST #J,LAKE FOREST,CA,92630
DIVINO,LIQUOR/PACKAGE STORE,OFF,1240 S BROADWAY,DENVER,CO,80210
GULF DISCOUNT LIQUORS,LIQUOR/PACKAGE STORE,OFF,1535 MADRUGA ST,CORAL GABLES,FL,33146
LITTLES LIQUORS INC,LIQUOR/PACKAGE STORE,OFF,2390 S DOWNING STREET,DENVER,CO,80210
WINE BANK,LIQUOR/PACKAGE STORE,OFF,363 5TH AV,SAN DIEGO,CA,92101
BOYNTON WINE & SPIRITS,LIQUOR/PACKAGE STORE,OFF,1550 N FEDERAL HWY,BOYNTON BEACH,FL,33435
The Bottleshop,LIQUOR/PACKAGE STORE,OFF,101 Southern Way,Columbus,GA,31904
DE LUCA S MARKET INC,LIQUOR/PACKAGE STORE,OFF,11 CHARLES ST,BOSTON,MA,02114
SPRINGS LIQUOR OUTLET,LIQUOR/PACKAGE STORE,OFF,6010 NORTH CAREFREE CIRCLE,COLORADO SPRINGS,CO,80922
Five Points Bottle Shop,LIQUOR/PACKAGE STORE,OFF,1655 Lumpkin St,Athens,GA,30606
CORKED,LIQUOR/PACKAGE STORE,OFF,1520 AVIATION BL,REDONDO BEACH,CA,90278
LIQUOR WORLD,LIQUOR/PACKAGE STORE,OFF,235 OLD CONNECTICUT PATH,FRAMINGHAM,MA,01701
DANNY S WINE AND SPIRITS,LIQUOR/PACKAGE STORE,OFF,474 BOSTON POST ROAD,SUDBURY,MA,01776
VILLAGE LIQUOR,LIQUOR/PACKAGE STORE,OFF,2905 HONOLULU AV,LA CRESCENTA,CA,91214
DUXBURY WINE & SPIRITS,LIQUOR/PACKAGE STORE,OFF,1-1A WASHINGTON PO 1654,DUXBURY,MA,02332
The Big Chill,LIQUOR/PACKAGE STORE,OFF,1210 Thompson Bridge Rd Unit D1,Gainesville,GA,30501
Loganville Package Store,LIQUOR/PACKAGE STORE,OFF,3967 Atlanta Highway,Loganville,GA,30052
RESERVE WINE & SPIRIT,LIQUOR/PACKAGE STORE,OFF,1915 W LEAGUE CITY PKWY STE 180,LEAGUE CITY,TX,77573
RJ S WINE & SPIRITS,LIQUOR/PACKAGE STORE,OFF,4321 CORBETT DRIVE SUITE 100,FORT COLLINS,CO,80528
LEE S LIQUOR #20 HORIZON RIDGE,LIQUOR/PACKAGE STORE,OFF,1450 W HORIZON RIDGE PKWY -415,HENDERSON,NV,89012
DELUCA S MARKET,LIQUOR/PACKAGE STORE,OFF,239 NEWBURY ST,BOSTON,MA,02116
PINYON TREE LIQUORS,LIQUOR/PACKAGE STORE,OFF,321 E MAIN ST 3 AND 4,RANGELY,CO,81648
BOONE S WINE & SPIRITS,LIQUOR/PACKAGE STORE,OFF,65 MARKET STREET UNITS 2-7,EAGLE,CO,81631
POTTER LIQUOR,LIQUOR/PACKAGE STORE,OFF,412 N FRIENDSWOOD DRIVE,FRIENDSWOOD,TX,77546
LUCKY ME LIQUOR 2,LIQUOR/PACKAGE STORE,OFF,2648 PATTERSON RD STE A B C,GRAND JUNCTION,CO,81506
MOUNTAIN CELLARS,LIQUOR/PACKAGE STORE,OFF,8290 RAZORBACK ROAD,COLORADO SPRINGS,CO,80922
Everest Spirits & Wine Warehouse,LIQUOR/PACKAGE STORE,OFF,135 Ernest W Barrett Pkwy,Marietta,GA,30066
Wine & Spirits at Windsor,LIQUOR/PACKAGE STORE,OFF,464 Windsor St SW Ste 105,Atlanta,GA,30312
LEE S LIQUOR #21 EL CAPITAN,LIQUOR/PACKAGE STORE,OFF,7752 N EL CAPITAN WAY,LAS VEGAS,NV,89143
PINEY WINE & SPIRITS,LIQUOR/PACKAGE STORE,OFF,26289 HIGHWAY 74,KITTREDGE,CO,80457
Rox Wine & Spirits (Cumming),LIQUOR/PACKAGE STORE,OFF,910 Peachtree Pkwy,Cumming,GA,30041
Liquor Empire,LIQUOR/PACKAGE STORE,OFF,1014 US Hwy 80 E,Pooler,GA,31322
Charlie s 2 Beer Wine Spirits,LIQUOR/PACKAGE STORE,OFF,5080 Bells Ferry Rd.,Acworth,GA,30102
Hills Package Store,LIQUOR/PACKAGE STORE,OFF,2055 N Druid Hills Rd Ne Ste B,Atlanta,GA,30329
Beverage City 2,LIQUOR/PACKAGE STORE,OFF,5370 Highway 92  Ste 140,Fairburn,GA,30213
Beer & Wine Package Store,LIQUOR/PACKAGE STORE,OFF,5039 Buford Hwy,Atlanta,GA,30341
Cork And Keg,LIQUOR/PACKAGE STORE,OFF,6750 Highway 53  Ste 101,Braselton,GA,30517
Rome Liquor & Tobacco,LIQUOR/PACKAGE STORE,OFF,600 E 2nd Ave SW,Rome,GA,30161
The Winery 2,LIQUOR/PACKAGE STORE,OFF,2101 Savoy Dr.,Chamblee,GA,30341
BELLEVIEW WINE AND SPIRITS,LIQUOR/PACKAGE STORE,OFF,7795 E BELLEVIEW AVE UNIT 3,DENVER,CO,80237
Sol s Liquor,LIQUOR/PACKAGE STORE,OFF,186 Courtland St NE,Atlanta,GA,30303
Mountain Package Store,LIQUOR/PACKAGE STORE,OFF,5765 Rockbridge Rd  Ste D,Stone Mountain,GA,30087
Bullocks Wine & Spirits Whse,LIQUOR/PACKAGE STORE,OFF,1050 Buckhead Crossing,Woodstock,GA,30189
Rock Hard Spirits,LIQUOR/PACKAGE STORE,OFF,4060 Hwy 53,Hoschton,GA,30548
Beverage World Package Store,LIQUOR/PACKAGE STORE,OFF,6731 Peachtree Industrial Blvd,Doraville,GA,30360
Ajax Liquor,LIQUOR/PACKAGE STORE,OFF,1005 Chattahoochee Ave,Atlanta,GA,30318
Js Beverage Depot,LIQUOR/PACKAGE STORE,OFF,1570 Holcomb Bridge Rd Ste 610,Roswell,GA,30076
Joes Bottle Shop **CLOSED**,LIQUOR/PACKAGE STORE,OFF,3034 Veterans Memorial Hwy SW,Austell,GA,30168
Z&Z Package Store,LIQUOR/PACKAGE STORE,OFF,4898 Bill Gardner Pkwy,Locust Grove,GA,30248
The Beverage Shoppe,LIQUOR/PACKAGE STORE,OFF,13800 Hwy 9N Ste S,Milton,GA,30004
Mableton Bottle Shop,LIQUOR/PACKAGE STORE,OFF,757 Veterans Memorial Hwy SW,Mableton,GA,30126
MSTD Management LLC,LIQUOR/PACKAGE STORE,OFF,287 Elizabeth St NE,Atlanta,GA,30307
Bonaire Package LLC,LIQUOR/PACKAGE STORE,OFF,518 Ga Hwy 247,Bonaire,GA,31005
ACE LIQUOR,LIQUOR/PACKAGE STORE,OFF,6025 S DURANGO DRIVE,LAS VEGAS,NV,89113
Robins Package,LIQUOR/PACKAGE STORE,OFF,628 S Houston Lake RD,Warner Robins,GA,31088
Beverage Depot,LIQUOR/PACKAGE STORE,OFF,201 Roberson Mill Rd NE 59018,Milledgeville,GA,31061
Decatur Wine & Spirits,LIQUOR/PACKAGE STORE,OFF,1789 Lawrenceville Hwy,Decatur,GA,30033
CRYSTAL LIQUORS,LIQUOR/PACKAGE STORE,OFF,3655 S DURANGO DR UNIT 21-22,LAS VEGAS,NV,89147
Cumming Beverage Mart,LIQUOR/PACKAGE STORE,OFF,1770 Buford Hwy Ste A,Cumming,GA,30041
Peachtree Liquor: Duluth,LIQUOR/PACKAGE STORE,OFF,2750 Buford Hwy Ste 4,Duluth,GA,30096
Local Vine/Cobb Liquor Store,LIQUOR/PACKAGE STORE,OFF,3101 Cobb Pkwy SE STE #102,Atlanta,GA,30339
SHARON CROSSING BEVERAGE,LIQUOR/PACKAGE STORE,OFF,1465 Peachtree Parkway STE B2 & B3,Cumming,GA,30041
Johnny s Liquor Store,LIQUOR/PACKAGE STORE,OFF,5770 Harris St,Austell,GA,30168
LAWLER S LIQUORS,LIQUOR/PACKAGE STORE,OFF,2232 JEFFERSON ST,NAPA,CA,94559
CYPRESS CRAFT BEER & LIQUOR,LIQUOR/PACKAGE STORE,OFF,9175 VALLEY VIEW ST,CYPRESS,CA,90630
Captain s Liquor and Wine,LIQUOR/PACKAGE STORE,OFF,10971 Crabapple Rd Ste 1100,Roswell,GA,30075
Duluth Beverage Locker,LIQUOR/PACKAGE STORE,OFF,Ste C 3576 Buford Highway,Duluth,GA,30096
Skyview Bottle Shop,LIQUOR/PACKAGE STORE,OFF,800 Maxham Rd Ste C,Lithia Springs,GA,30122
TWIN LIQUORS LP AIRPORT 980,LIQUOR/PACKAGE STORE,OFF,5639 AIRPORT BOULEVARD A & B,AUSTIN,TX,78751
Jeffrey s Bottle Shop,LIQUOR/PACKAGE STORE,OFF,1012 Memorial Dr Ste 6,Griffin,GA,30223
Metro Bottle,LIQUOR/PACKAGE STORE,OFF,2225 Marietta Blvd,Atlanta,GA,30318
Trickum Wine,LIQUOR/PACKAGE STORE,OFF,3333 Trickum Rd Ste 104,Woodstock,GA,30188
Tara Package,LIQUOR/PACKAGE STORE,OFF,8525 Tara Blvd,Jonesboro,GA,30236
Liquor Loft,LIQUOR/PACKAGE STORE,OFF,2120 Vernon St Ste 105,Lagrange,GA,30240
Strongwater Liquor Warehouse,LIQUOR/PACKAGE STORE,OFF,5722 Lawrenceville Hwy,Lilburn,GA,30047
Wine And Shine,LIQUOR/PACKAGE STORE,OFF,2065 Walton Way,Augusta,GA,30904
Dekalb Bottle House,LIQUOR/PACKAGE STORE,OFF,3111 Briarcliff Rd NE,Atlanta,GA,30329
HANDY LIQUOR,LIQUOR/PACKAGE STORE,OFF,3001 ADAMS AVE,SAN DIEGO,CA,92116
BERGEN PARK LIQUORS,LIQUOR/PACKAGE STORE,OFF,1348 COUNTY ROAD 65,EVERGREEN,CO,80439
Arbor Place Beverage,LIQUOR/PACKAGE STORE,OFF,7455 Douglas Blvd,Douglasville,GA,30135
Brown Bag  The,LIQUOR/PACKAGE STORE,OFF,1608 Boone St,Kingsland,GA,31548
Mike s Package Store,LIQUOR/PACKAGE STORE,OFF,2164 Hwy 92,Douglasville,GA,30135
Serenbe Wine Shop,LIQUOR/PACKAGE STORE,OFF,9135-B Selbourne Lane,Chattahoochee Hills,GA,30268
2B Package,LIQUOR/PACKAGE STORE,OFF,64 McNeal Rd,Winder,GA,30680
CORKED,LIQUOR/PACKAGE STORE,OFF,4100 ATLANTIC AVE,LONG BEACH,CA,90807
MASOODS LIQUOR & DELI,LIQUOR/PACKAGE STORE,OFF,7970 HWY 9,BEN LOMOND,CA,95005
The Cellar Wine & Spirits,LIQUOR/PACKAGE STORE,OFF,2405 Jefferson Rd  Ste 1,Athens,GA,30607
RENEE S LIQUOR & MARKET,LIQUOR/PACKAGE STORE,OFF,800 NOGALES ST,WALNUT,CA,91789
Coal Mountain Package Store,LIQUOR/PACKAGE STORE,OFF,3645 Browns Bridge Rd,Cumming,GA,30028
Lafayette Beverage,LIQUOR/PACKAGE STORE,OFF,2068 Hamilton Rd,Lagrange,GA,30241
Cave Springs Package,LIQUOR/PACKAGE STORE,OFF,913 Dallas Highway,Douglasville,GA,30134
Local Vine Johns Creek,LIQUOR/PACKAGE STORE,OFF,5805 State Bridge Rd Ste 200,Johns Creek,GA,30097
PATRIOTS LIQUOR,LIQUOR/PACKAGE STORE,OFF,7935 CONSTITUTION AVE STE 140,COLORADO SPRINGS,CO,80951
Milton Spirits & Wine,LIQUOR/PACKAGE STORE,OFF,15840 Brimingham Hwy Ste B,Milton,GA,30004
East West Package,LIQUOR/PACKAGE STORE,OFF,1025 E West Connector Ste 605,Austell,GA,30106
Legacy Beverage Center,LIQUOR/PACKAGE STORE,OFF,330 Athens Hwy,Loganville,GA,30052
Seven Seas Bottle Shop,LIQUOR/PACKAGE STORE,OFF,4121 Austell Powder Springs Rd,Powder Springs,GA,30127
BRADLEY S FINE WINES & SPIRITS,LIQUOR/PACKAGE STORE,OFF,12932 NEWPORT AV #1,TUSTIN,CA,92780
JORDAN WINE AND SPIRITS,LIQUOR/PACKAGE STORE,OFF,17021 LINCOLN AVENUE #G,PARKER,CO,80134
Chapel Hill Package,LIQUOR/PACKAGE STORE,OFF,2981 Chapel Hill Rd,Douglasville,GA,30135
VOLUME RATE LIQUORS,LIQUOR/PACKAGE STORE,OFF,7805 EAST 35TH AVENUE,DENVER,CO,80238
Brownsville Package  **CLOSED**,LIQUOR/PACKAGE STORE,OFF,4400 Brownsville Rd  Ste 106,Powder Springs,GA,30127
Mink s Package Store,LIQUOR/PACKAGE STORE,OFF,2565 Delk Rd SE  C-1,Marietta,GA,30067
East Rome Beverage Center,LIQUOR/PACKAGE STORE,OFF,1800 Dean Ave SE,Rome,GA,30161
ADIRONDAK WINE & LIQUOR,LIQUOR/PACKAGE STORE,OFF,506 LAKE FLOWER AVENUE,SARANAC LAKE,NY,12983
American Package,LIQUOR/PACKAGE STORE,OFF,1954 US Hwy 441S,Dublin,GA,31021
CIRCUS LIQUOR,LIQUOR/PACKAGE STORE,OFF,16416 DELONE ST,SANTA CLARITA,CA,91387
Global Beverage Superstore,LIQUOR/PACKAGE STORE,OFF,2157 West Point Rd,Lagrange,GA,30240
Empire Package,LIQUOR/PACKAGE STORE,OFF,1046 Fayetteville Rd,Atlanta,GA,30316
Bims Package Store,LIQUOR/PACKAGE STORE,OFF,1015 W. Marietta St. NW,Atlanta,GA,30318
Vintage Bottle Shop,LIQUOR/PACKAGE STORE,OFF,1720 Mars Hill Rd NW  Ste 12-14,Acworth,GA,30101
STERLING CELLAR WINE & LIQUORS,LIQUOR/PACKAGE STORE,OFF,179 RTE 6,MAHOPAC,NY,10541
Top Shot Package Store,LIQUOR/PACKAGE STORE,OFF,320 Hwy 314,Fayetteville,GA,30214
SPEC S 090 LIQUOR,LIQUOR/PACKAGE STORE,OFF,7777 HINES PLACE BOULEVARD,DALLAS,TX,75235
High Spirits Package,LIQUOR/PACKAGE STORE,OFF,5425 Wendy Bagwell Parkway,Hiram,GA,30141
Market Place Beverage,LIQUOR/PACKAGE STORE,OFF,50 Market Place Dr.,Newnan,GA,30265
BLAKE ST. LIQUOR,LIQUOR/PACKAGE STORE,OFF,1432 BLAKE STREET,DENVER,CO,80202
ONE STOP LIQUOR,LIQUOR/PACKAGE STORE,OFF,1405 W HOUSTON STREET,SHERMAN,TX,75092
Spring Road Package,LIQUOR/PACKAGE STORE,OFF,1669 A Spring Road SE,Smyrna,GA,30080
WEST VAIL LIQUOR MART,LIQUOR/PACKAGE STORE,OFF,2151 N FRONTAGE RD,VAIL,CO,81657
STROH RANCH LIQUORS-AFFIDAVIT,LIQUOR/PACKAGE STORE,OFF,12939 S PARKER RD,PARKER,CO,80134
Elite Package Store,LIQUOR/PACKAGE STORE,OFF,2789 Delk Rd SE,Marietta,GA,30067
SWEET WATERS LIQUOR,LIQUOR/PACKAGE STORE,OFF,701 CHAMBERS AVE,EAGLE,CO,81631
FRUITVALE LIQUORS,LIQUOR/PACKAGE STORE,OFF,507 30 ROAD UNIT O,GRAND JUNCTION,CO,81504
Dan s Package Store,LIQUOR/PACKAGE STORE,OFF,8529 Roswell Rd,Sandy Springs,GA,30350
TOAST! WINE AND SPIRITS,LIQUOR/PACKAGE STORE,OFF,3828 WEST 23RD AVENUE,DENVER,CO,80211
Party Liquor,LIQUOR/PACKAGE STORE,OFF,101 Williams Street,Calhoun,GA,30701
Springs Bottle Shop,LIQUOR/PACKAGE STORE,OFF,8885 Roswell Rd,Sandy Springs,GA,30350
Zebulon Package Store,LIQUOR/PACKAGE STORE,OFF,610 Thomaston St,Zebulon,GA,30295
Toast Wine & Beverage,LIQUOR/PACKAGE STORE,OFF,417 Fury s Ferry Rd,Martinez,GA,30907
Blue Glass Liquor & Wine,LIQUOR/PACKAGE STORE,OFF,6015 Post Rd Ste C,Cumming,GA,30040
Midtown Pantry LLC,LIQUOR/PACKAGE STORE,OFF,536 Decatur St SE,Atlanta,GA,30312
Beverage World of Cumming,LIQUOR/PACKAGE STORE,OFF,745 Lanier 400 Pkwy,Cumming,GA,30040
Hal s Package Store,LIQUOR/PACKAGE STORE,OFF,1223 Columbia Dr,Decatur,GA,30032
Lucky s Beverage World,LIQUOR/PACKAGE STORE,OFF,610 Claremore Professional Way,Woodstock,GA,30188
CASK AND CRAFT,LIQUOR/PACKAGE STORE,OFF,3744 TEJON ST LOTS 24 & 25 BLK,DENVER,CO,80211
ALAMO CITY WINE MERCHANTS LLC,LIQUOR/PACKAGE STORE,OFF,16500 N SAN PEDRO AVE STE 291,SAN ANTONIO,TX,78232
SARATOGA WINE EXCHANGE THE,LIQUOR/PACKAGE STORE,OFF,43 D ROUND LAKE RD,BALLSTON LAKE,NY,12019
RIDGE LIQUORS,LIQUOR/PACKAGE STORE,OFF,3331 ARAPAHOE ROAD SUITE 10,ERIE,CO,80516
MEDFIELD PACKAGE,LIQUOR/PACKAGE STORE,OFF,20 NORTH ST,MEDFIELD,MA,02052
SHOWCASE WINE & SPIRITS,LIQUOR/PACKAGE STORE,OFF,1390-92 N LAKE AV,PASADENA,CA,91104
BREMERS WINE & LIQUOR,LIQUOR/PACKAGE STORE,OFF,4684 COMMERCIAL DR,NEW HARTFORD,NY,13413
HENRY S LIQUOR STORE,LIQUOR/PACKAGE STORE,OFF,324 WEATHERLY,BORGER,TX,79007
BLANCHARD S LIQUORS - REVERE,LIQUOR/PACKAGE STORE,OFF,286 AMERICAN LEGION HWY,REVERE,MA,02151
NEEDHAM CENTER FINE WINES,LIQUOR/PACKAGE STORE,OFF,1013 GREAT PLAIN AVE,NEEDHAM,MA,02492
REED STREET BOTTLE SHOP  THE,LIQUOR/PACKAGE STORE,OFF,34 REED ST,COXSACKIE,NY,12051
NORMAN S LIQUORS #2,LIQUOR/PACKAGE STORE,OFF,5200 CLARK ROAD,SARASOTA,FL,34238
FONTAINEBLEAU LAS VEGAS,HOTEL/ MOTEL,ON,2777 LAS VEGAS BLVD S,LAS VEGAS,NV,89109
BREAKERS HOTEL,HOTEL/ MOTEL,ON,ONE SOUTH COUNTY RD C,PALM BEACH,FL,33480
MARTINIQUE ON BROADWAY,HOTEL/ MOTEL,ON,1260 BROADWAY,NEW YORK,NY,10001
1 HOTEL SOUTH BEACH,HOTEL/ MOTEL,ON,2341 COLLINS AVENUE,MIAMI BEACH,FL,33139
EVELYN HOTEL,HOTEL/ MOTEL,ON,4 E 28TH STREET - BASEMENT DEL,NEW YORK,NY,10016
MOXY LES,HOTEL/ MOTEL,ON,141 151 BOWERY,NEW YORK,NY,10002
MONTAUK BEACH HSE,HOTEL/ MOTEL,ON,55 S ELMWOOD AVE,MONTAUK,NY,11954
HOTEL KABUKI,HOTEL/ MOTEL,ON,1625 POST ST,SAN FRANCISCO,CA,94115
ACQUALINA RESORT & SPA ON THE,HOTEL/ MOTEL,ON,17875 COLLINS AVENUE,SUNNY ISLES BEACH,FL,33160
ORCHARD STREET RESTAURANT MANA,HOTEL/ MOTEL,ON,9 ORCHARD ST,NEW YORK,NY,10002
INN AT SPANISH BAY,HOTEL/ MOTEL,ON,2800 17 MILE DR,PEBBLE BEACH,CA,93953
MOLLIE ASPEN,HOTEL/ MOTEL,ON,111 SOUTH GARMISCH STREET,ASPEN,CO,81611
DUNE DECK  THE,HOTEL/ MOTEL,ON,379 DUNE RD,WESTHAMPTON BEACH,NY,11978
PLYMOUTH HOTEL/BLUE RIBBON,HOTEL/ MOTEL,ON,336 21 STREET,MIAMI BEACH,FL,33139
JW MARRIOTT ESSEX HOUSE NY,HOTEL/ MOTEL,ON,160 CENTRAL PARK SOUTH,NEW YORK,NY,10019
Waldorf Astoria Atl Buckhead,HOTEL/ MOTEL,ON,3376 Peachtree Rd NE OFC,Atlanta,GA,30326
EPIC HOTEL,HOTEL/ MOTEL,ON,270 BISCAYNE BLVD WAY,MIAMI,FL,33131
MAYBOURNE BEVERLY HILLS,HOTEL/ MOTEL,ON,225 N CANON DR,BEVERLY HILLS,CA,90210
HBY QOZB LLC  HBY ENTERTAINMEN,HOTEL/ MOTEL,ON,200 NORTH ST,KINGSTON,NY,12401
LODGE AT PEBBLE BEACH,HOTEL/ MOTEL,ON,LODGE AT PEBBLE BEACH,PEBBLE BEACH,CA,93953
STANDARD EAST VILLAGE  THE,HOTEL/ MOTEL,ON,25 33 COOPER SQUARE,NEW YORK,NY,10003
WALDORF ASTORIA,HOTEL/ MOTEL,ON,1 MONARCH BEACH RESORT,DANA POINT,CA,92629
BOCA RATON  BOCA WHIP  CABANA,HOTEL/ MOTEL,ON,501 EAST CAMINO REAL,BOCA RATON,FL,33432
SEBASTIAN-VAIL,HOTEL/ MOTEL,ON,16 VAIL ROAD,VAIL,CO,81657
LOEWS CORAL GABLES HOTEL,HOTEL/ MOTEL,ON,2950 COCONUT GROVE DRIVE,CORAL GABLES,FL,33134
RESORTS WORLD LAS VEGAS,HOTEL/ MOTEL,ON,3000 S LAS VEGAS BLVD,LAS VEGAS,NV,89109
INNESS,HOTEL/ MOTEL,ON,10 BANK ST,ACCORD,NY,12404
AC Hotel By Marriott Buckhead,HOTEL/ MOTEL,ON,3586 Peachtree Rd NE,Atlanta,GA,30326
POPULUS HOTEL  AN APARIUM,HOTEL/ MOTEL,ON,240 14TH STREET,DENVER,CO,80202
FOUR SEASONS RESORT  LAS VEGAS,HOTEL/ MOTEL,ON,3960 LAS VEGAS BLVD SO,LAS VEGAS,NV,89119
Atlanta Hilton (Around the World),HOTEL/ MOTEL,ON,255 Courtland St NE,Atlanta,GA,30303
ROMER HELL S KITCHEN,HOTEL/ MOTEL,ON,851 8TH AVE,NEW YORK,NY,10019
PORTOFINO BAY HOTEL,HOTEL/ MOTEL,ON,5601 UNIVERSAL BLVD,ORLANDO,FL,32819
THE DREY HOTEL,HOTEL/ MOTEL,ON,5630 VILLAGE GLEN DR,DALLAS,TX,75206
WYNDHAM GRAND ORLANDO RESORT,HOTEL/ MOTEL,ON,14651 CHELONIA PARKWAY,ORLANDO,FL,32821
LOEWS ARLINGTON HOTEL,HOTEL/ MOTEL,ON,1601 E RANDOL MILL RD,ARLINGTON,TX,76011
RITZ CARLTON HOTEL COMPANY,HOTEL/ MOTEL,ON,1185 BROADWAY,NEW YORK,NY,10001
JW MARRIOTT MIAMI TURNBERRY,HOTEL/ MOTEL,ON,19999 WEST COUNTRY CLUB DRIVE,AVENTURA,FL,33180
SOF-XI KAUAI PV HOTEL LP,HOTEL/ MOTEL,ON,5520 KA HAKU RD,PRINCEVILLE,HI,96722
The Candler Hotel,HOTEL/ MOTEL,ON,127 Peachtree St NW,Atlanta,GA,30303
Renaissance Atl Airport Gateway,HOTEL/ MOTEL,ON,2081 Convention Center Concourse,College Park,GA,30337
Reverb Hotel Atlanta,HOTEL/ MOTEL,ON,89 Centennial Olympic Park Drive NW,Atlanta,GA,30313
LODGE AT SONOMA,HOTEL/ MOTEL,ON,1325 BROADWAY,SONOMA,CA,95476
HARD ROCK HOTEL,HOTEL/ MOTEL,ON,5800 UNIVERSAL BLVD,ORLANDO,FL,32819
ROYAL PACIFIC RESORT,HOTEL/ MOTEL,ON,6300 HOLLYWOOD WAY,ORLANDO,FL,32819
PIER SIXTY-SIX HOTEL,HOTEL/ MOTEL,ON,2301 SE 17TH ST,FORT LAUDERDALE,FL,33316
Loews Atlanta Hotel,HOTEL/ MOTEL,ON,1065 Peachtree St NE,Atlanta,GA,30309
The Kimpton Sylvan**CLOSED**,HOTEL/ MOTEL,ON,374 E Paces Ferry Rd NE,Atlanta,GA,30305
Four Seasons Hotel Atl,HOTEL/ MOTEL,ON,75 14th Street NE,Atlanta,GA,30309
A-FRAME CLUB WINTER PARK,HOTEL/ MOTEL,ON,1008 WINTER PARK DRIVE,WINTER PARK,CO,80482
WEST HOLLYWOOD EDITION THE,HOTEL/ MOTEL,ON,9040 SUNSET BLVD,WEST HOLLYWOOD,CA,90069
GRAVITY HAUS,HOTEL/ MOTEL,ON,315 E HYMAN AVENUE,ASPEN,CO,81611
SEAGATE HOTEL& SPA/BOURBON,HOTEL/ MOTEL,ON,1020 E ATLANTIC AVE,DELRAY BEACH,FL,33483
(THE) BETSY SOUTH BEACH,HOTEL/ MOTEL,ON,1440 OCEAN DRIVE & 1433 COLLIN,MIAMI BEACH,FL,33139
RESIDENCE INN CUPERTINO,HOTEL/ MOTEL,ON,19429 STEVENS CREEK BLVD,CUPERTINO,CA,95014
LOEW S CORONADO BAY,HOTEL/ MOTEL,ON,4000 CORONADO BAY RD,CORONADO,CA,92118
W Atl Downtown/Destination****,HOTEL/ MOTEL,ON,45 Ivan Allen Jr Blvd NW,Atlanta,GA,30308
HYATT HOUSE,HOTEL/ MOTEL,ON,2719 K ST,SACRAMENTO,CA,95816
BOCA BEACH CLUB/BEACHES BAR,HOTEL/ MOTEL,ON,900 SOUTH OCEAN BLVD,BOCA RATON,FL,33432
MARQUESA HOTEL,HOTEL/ MOTEL,ON,600 FLEMING STREET,KEY WEST,FL,33040
VILLA ROYALE,HOTEL/ MOTEL,ON,1620 INDIAN TRAIL,PALM SPRINGS,CA,92264
GURNEYS MONTAUK RESORT AND,HOTEL/ MOTEL,ON,290 OLD MONTAUK HGHY,MONTAUK,NY,11954
CRAFT & ART WINES & SP/PAR-SAM,OTHER ON PREMISE,ON,15751-55 TAPIA STREET,IRWINDALE,CA,91702
SAKE ONO/PARK STREET IMP -SAMP,OTHER ON PREMISE,ON,5286 PO BX 660367,DALLAS,TX,75266
SGWS-HOUSE SAMPLE M02(SUPP) ON,OTHER ON PREMISE,ON,1600 NW 163RD ST,MIAMI,FL,33169
SOBE - GTV SOUTH,OTHER ON PREMISE,ON,1600 NW 163RD ST,MIAMI,FL,33169
SAKE ONO/PARK STREET IMP- SAMP,OTHER ON PREMISE,ON,5286 PO BX 660367,DALLAS,TX,75266
SOBE-DANIEL BOULUD DINNER,OTHER ON PREMISE,ON,255 BISCAYNE BLVD WAY,MIAMI,FL,33015
SOBE-JET TILA DINNER FRI,OTHER ON PREMISE,ON,1701 COLLINS AVENUE,MIAMI BEACH,FL,33109
SOBE-SUSHI MASTER CLASS,OTHER ON PREMISE,ON,801 BRICKELL AVENUE,MIAMI,FL,33131
SGWS KEY WEST HOLIDAY TRADE SH,OTHER ON PREMISE,ON,1600 NW 163RD ST,MIAMI,FL,33169
SOBE- A SUSHI OMAKASE COLLECTI,OTHER ON PREMISE,ON,2105 N MIAMI AVENUE,MIAMI,FL,33127
SOBE-SIP & SWIRL,OTHER ON PREMISE,ON,1737 N BAYSHORE DRIVE,MIAMI,FL,33132
BAKER S BAY GOLF & OCEA,OTHER ON PREMISE,ON,GREAT GUANA CAY MARSH HARBOUR,** INTERNATIONAL **,FL,2
SOBE - GTV SPONSOR VILLAGE,OTHER ON PREMISE,ON,1600 NW 163RD ST,MIAMI,FL,33169
SGWS-HOUSE SMP  M05(CONSUMER),OTHER ON PREMISE,ON,1600 NW 163RD ST,MIAMI,FL,33169
UNIVERSAL HELIOS GRAND HOTEL,OTHER ON PREMISE,ON,8505 SOUTH KIRKMAN ROAD,ORLANDO,FL,32819
SHEEHAN MCCOY SAMPLES,OTHER ON PREMISE,ON,155 KAPALULU PLACE STE 300,HONOLULU,HI,96819
JEFFERY SMITH SAMPLES,OTHER ON PREMISE,ON,155 KAPALULU PL STE 300,HONOLULU,HI,96819
TEAM #089 WISNER,OTHER ON PREMISE,ON,93321 DOWE AVE,UNION CITY,CA,94587
TEAM #102 BARBER,OTHER ON PREMISE,ON,33321 DOWE AVE,UNION CITY,CA,94587
TEAM #182 KILIAN,OTHER ON PREMISE,ON,33321 DOWE AVE,UNION CITY,CA,94587
SAKE ONE,OTHER ON PREMISE,ON,820 ELM STREET,FOREST GROVE,OR,97116
CRAFT & ART WINES & SPIRITS/PA,OTHER OFF PREMISE,OFF,1000 BRICKELL AVENUE SUITE 915,MIAMI,FL,33131
SAKE ONO/PARK STREET/SAMPLES,OTHER OFF PREMISE,OFF,22800 E. 19TH AVE,AURORA,CO,80019
HD 200 PARK LLC,OTHER OFF PREMISE,OFF,200 PARK AVE,NEW YORK,NY,10166
VOM FASS OF SAN DIEGO (OFF),OTHER OFF PREMISE,OFF,1440 INNOVATIVE DR #400,SAN DIEGO,CA,92154
NYCWFF-ASIAN BITES-FRIDAY,OTHER OFF PREMISE,OFF,117 WEST STREET,NEW YORK,NY,10006
SAKE ONO/PARK STREET IMPORTS,OTHER OFF PREMISE,OFF,5286 POST OFFICE BOX 660367,DALLAS,TX,75266
FULL GLASS ENTERPRISES,OTHER OFF PREMISE,OFF,3525 V ST NE,WASHINGTON,DC,20008
SAKEONE/SAMPLES,OTHER OFF PREMISE,OFF,5270 FOX STREET,DENVER,CO,80216
CRAFT & ART WINE/SAMPLES,OTHER OFF PREMISE,OFF,22800 E 19TH,AURORA,CO,80019
NYCWFF-GRAND TASTING-SATURDAY,OTHER OFF PREMISE,OFF,80 58TH STREET  PIER 4,BROOKLYN,NY,11220
NYCWFF-OYSTER BASH SUN.,OTHER OFF PREMISE,OFF,BRIDGE PARK DR  PIER 6,BROOKLYN,NY,11201
SAMPLE GRAND ANNUAL TASTING,OTHER OFF PREMISE,OFF,99 EAST 52ND STREET,NEW YORK,NY,10022
SAMPLE GSM,OTHER OFF PREMISE,OFF,SYOSSET,SYOSSET,NY,11791
ENDS MEAT LLC,OTHER OFF PREMISE,OFF,220 36TH ST UNIT B104,BROOKLYN,NY,11232
NYCWFF-KYU DINNER-SUNDAY.,OTHER OFF PREMISE,OFF,324 LAFAYETTE STREET,NEW YORK,NY,10012
NYCWFF-JET TILA DINNER THURS.,OTHER OFF PREMISE,OFF,20 SPRING STREET,NEW YORK,NY,10012
NYCWFF-NARO DINNER THURS.,OTHER OFF PREMISE,OFF,610 5TH AVENUE  #04,NEW YORK,NY,10020
SGWS- SUPPLIER SAMPLES,OTHER OFF PREMISE,OFF,3125 V STREET NE,WASHINGTON,DC,20018
PARK ST/CRAFT&ARTS TRANSFER,OTHER OFF PREMISE,OFF,1000 BRICKELL AVENUE SUITE 915,MIAMI,FL,33131
PALAZZO DEL SOL,OTHER OFF PREMISE,OFF,6800 FISHER ISLAND DRIVE,FISHER ISLAND,FL,33109
NYCWFF-SOCIAL HOUR SAT.,OTHER OFF PREMISE,OFF,25 W 28TH STREET,NEW YORK,NY,10001
MISSION LIQUOR & WINES WHSE,OTHER OFF PREMISE,OFF,445-447 MADERA STREET,SAN GABRIEL,CA,91776
NYCWFF-ALEX G DINNER-FRIDAY,OTHER OFF PREMISE,OFF,1100 AVENUE OF AMERICAS,NEW YORK,NY,10023
SAMPLE BRENDAN MCCREA,OTHER OFF PREMISE,OFF,W/HOUSE PICK-UP,SYOSSET,NY,11791
NYCWFF-PAVLOVA CLASS SUN.,OTHER OFF PREMISE,OFF,225 LIBERTY STREET,NEW YORK,NY,10281
NYCWFF-FRIED CHICKEN SUN.,OTHER OFF PREMISE,OFF,225 LIBERTY STREET,NEW YORK,NY,10281
AVANTI F&B,OTHER OFF PREMISE,OFF,458 VAIL VALLEY DRIVE UNIT C-5,VAIL,CO,81657
SAMPLE REP DIANE NEWMAN,OTHER OFF PREMISE,OFF,W/HOUSE PICK-UP,SYOSSET,NY,11791
SAMPLE NICHOLAS SLATER,OTHER OFF PREMISE,OFF,W/HOUSE PICK-UP,SYOSSET,NY,11791
SGWS- TEAM SAMPLES,OTHER OFF PREMISE,OFF,3125 V STREET NE,WASHINGTON,DC,20018
SAMPLE REP CHRISTIAN CACERES,OTHER OFF PREMISE,OFF,W/HOUSE PICK UP,SYOSSET,NY,11791
SGWS DONATIONS,OTHER OFF PREMISE,OFF,8400 S JONES BLVD,LAS VEGAS,NV,89108
TEAM #009 CHO,OTHER OFF PREMISE,OFF,17101 VALLEY VIEW AV,CERRITOS,CA,90703
SAMPLE REP DONALD CHOI,OTHER OFF PREMISE,OFF,W/HOUSE PICK-UP,SYOSSET,NY,11791
SAMPLE SYOSSET ARIEL ABRAMOV,OTHER OFF PREMISE,OFF,W/HOUSE PICK-UP,SYOSSET,NY,11791
WARREN SHON SAMPLE,OTHER OFF PREMISE,OFF,155 KAPALULU PL STE 300,HONOLULU,HI,96819
TEAM #065 KILIAN,OTHER OFF PREMISE,OFF,17101 VALLEY VIEW AV,CERRITOS,CA,90703
SGWS-HOUSE SAMPLE F01 (MISC),OTHER OFF PREMISE,OFF,2385 ROCKFILL ROAD,FORT MYERS,FL,33916
SAMPLE ADRIAN CHIOTA,OTHER OFF PREMISE,OFF,W/HOUSE PICK-UP,SYOSSET,NY,11791
DOUBLE SHOT HOSPITALITY,OTHER OFF PREMISE,OFF,3950 PATRICK LANE STE 203,LAS VEGAS,NV,89120
TEAM #061 GARCIA,OTHER OFF PREMISE,OFF,33321 DOWE AVE,UNION CITY,CA,94587
TEAM #041 BONAMIGO,OTHER OFF PREMISE,OFF,17101 VALLEY VIEW AV,CERRITOS,CA,90703
SAMPLE REP FRANK MISSONE,OTHER OFF PREMISE,OFF,W/HOUSE PICK-UP,SYOSSET,NY,11791
SAMPLE REP PATRICIA HOPE,OTHER OFF PREMISE,OFF,W-HOUSE PICK UP,SYOSSET,NY,11773
SAMPLE REP EVAN RAPPAPORT,OTHER OFF PREMISE,OFF,W/HOUSE PICK-UP,SYOSSET,NY,11791
SAMPLE RYAN MOORE,OTHER OFF PREMISE,OFF,99 RAILROAD AVE,ALBANY,NY,12205
RAZEE  SEAN,OTHER OFF PREMISE,OFF,SW&S,DENVER,CO,80217
SAMPLE REP SUNG KIM,OTHER OFF PREMISE,OFF,W/HOUSE PICK-UP,SYOSSET,NY,11791
SAMPLE REP PAUL ENGCHUAN,OTHER OFF PREMISE,OFF,W/HOUSE PICK-UP,SYOSSET,NY,11791
SGWS-HOUSE SMP  O03(NEW PROD),OTHER OFF PREMISE,OFF,7101 TPC DRIVE SUITE 150,ORLANDO,FL,32822
SAMPLE AGUSTINA HOBBS,OTHER OFF PREMISE,OFF,W/HOUSE PICK UP,SYOSSET,NY,11791
TEAM #089 HUPP ALLISON,OTHER OFF PREMISE,OFF,33321 DOWE AVE,UNION CITY,CA,94587
TEAM #121 HUPP,OTHER OFF PREMISE,OFF,17101 VALLEY VIEW AV,CERRITOS,CA,90703
SAMPLE REP SHASTA HAMILTON,OTHER OFF PREMISE,OFF,W/HOUSE PICK-UP,SYOSSET,NY,11791
SAMPLE REP KRISTIN MAURITZ,OTHER OFF PREMISE,OFF,W/HOUSE PICK-UP,SYOSSET,NY,11791
SAMPLE JOSH LENHARD,OTHER OFF PREMISE,OFF,2436 INNOVATION WAY,ROCHESTER,NY,14624
SAMPLE JESSICA MERMAGEN,OTHER OFF PREMISE,OFF,3063 COURT STREET,SYRACUSE,NY,13208
SAMPLE ADAM MERSINCAVAGE,OTHER OFF PREMISE,OFF,99 RAILROAD AVE,ALBANY,NY,12205
LAHUE  DEVLIN,OTHER OFF PREMISE,OFF,SW&S FIELD MGR,DENVER,CO,80217
TEAM #OPN,OTHER OFF PREMISE,OFF,17101 VALLEY VIEW AVE,CERRITOS,CA,90703
SAMPLE REP MICHAEL STROHL,OTHER OFF PREMISE,OFF,W/HOUSE PICK-UP,SYOSSET,NY,11791
TEAM #262 LAURO,OTHER OFF PREMISE,OFF,17101 VALLEY VIEW AV,CERRITOS,CA,90703
CONROY  PATRICK,OTHER OFF PREMISE,OFF,SW&S,DENVER,CO,80216
TEAM #003 OPEN,OTHER OFF PREMISE,OFF,33321 DOWE AVE,UNION CITY,CA,94587
TEAM #089 AVILA  DUART,OTHER OFF PREMISE,OFF,33321 DOWE AVE,UNION CITY,CA,94587
SAMPLE GINA BOGGIO,OTHER OFF PREMISE,OFF,W/HOUSE PICK-UP,SYOSSET,NY,11791
ADAM LACAGNINA SAMPLES,OTHER OFF PREMISE,OFF,155 KAPALULU PLACE STE 300,HONOLULU,HI,96819
EXEC WITHDRAWAL LARRY RUVO,OTHER OFF PREMISE,OFF,123,LAS VEGAS,NV,89103
SAMPLE REP BRYAN GAMZA,OTHER OFF PREMISE,OFF,W/HOUSE PICK-UP,SYOSSET,NY,11791
SAMPLE REP JACKLYN MCFARLAND,OTHER OFF PREMISE,OFF,A/HOUSE PICK UP,SYOSSET,NY,11791
SAMPLE REP RYAN ATKINSON,OTHER OFF PREMISE,OFF,W/HOUSE PICK UP,SYOSSET,NY,11791
SAMPLE REP ANDREA COLUCCI,OTHER OFF PREMISE,OFF,W/HOUSE PICK-UP,SYOSSET,NY,11791
SAMPLE REP JASON SHUFFLER,OTHER OFF PREMISE,OFF,W/HOUSE PICK-UP,SYOSSET,NY,11791
SGWS-HOUSE SAMPLE P02(SUPP) ON,OTHER OFF PREMISE,OFF,40 SOUTH NICK WILSON WAY,FREEPORT,FL,32439
SAMPLE REP MARCO NAZARIO,OTHER OFF PREMISE,OFF,W/HOUSE PICK-UP,SYOSSET,NY,11791
SGWS-HOUSE SAMPLE J01(MISC) ON,OTHER OFF PREMISE,OFF,6867 STUART LN S,JACKSONVILLE,FL,32254
JACKSON  RHONDA,OTHER OFF PREMISE,OFF,5270 FOX STREET,DENVER,CO,80216
EMPLOYEE PURCHASES,OTHER OFF PREMISE,OFF,22800 EAST 19TH AVE,AURORA,CO,80019
ASNES  MATT,OTHER OFF PREMISE,OFF,SW&S,DENVER,CO,80217
WATSON  SARAH,OTHER OFF PREMISE,OFF,22800 E 19TH AVE,AURORA,CO,80019
RAITT  CARLA,OTHER OFF PREMISE,OFF,SW&S,DENVER,CO,80217
TEAM #032 MAGLIOCCO,OTHER OFF PREMISE,OFF,17101 VALLEY VIEW AV,CERRITOS,CA,90703
TEAM #247 TRZEBIATOWSKI,OTHER OFF PREMISE,OFF,17101 VALLEY VIEW AV,CERRITOS,CA,90703
TEAM #063 ORVIS,OTHER OFF PREMISE,OFF,33321 DOWE AVE,UNION CITY,CA,94587
TEAM #055 LAURO,OTHER OFF PREMISE,OFF,33321 DOWE AVE,UNION CITY,CA,94587
DENNIS CHINN SAMPLES,OTHER OFF PREMISE,OFF,155 KAPAHULU PLACE #300,HONOLULU,HI,96813
SAMPLE REP ALLISON CULLEY,OTHER OFF PREMISE,OFF,W/HOUSE PICK-UP,SYOSSET,NY,11791
ZOZAYA  NICK,OTHER OFF PREMISE,OFF,5270 FOX ST,DENVER,CO,80217
LEE MELISSA,OTHER OFF PREMISE,OFF,5270 FOX ST,DENVER,CO,80216
BROOM  CARSON,OTHER OFF PREMISE,OFF,SW&S,DENVER,CO,80217
BELLAGIO-MGM MIRAGE SSC AP#132,GOLF/ COUNTRY CLUB,ON,3600 LAS VEGAS BLVD S,LAS VEGAS,NV,89177
ZZ S SUSHI BAR,GOLF/ COUNTRY CLUB,ON,151 NE 41 STREET,MIAMI,FL,33137
THE COSMOPOLITAN OF LV WHSE,GOLF/ COUNTRY CLUB,ON,6025 PROCYON,LAS VEGAS,NV,89118
ZERO BOND,GOLF/ COUNTRY CLUB,ON,0 BOND ST A/K/A 670 BROADWAY,NEW YORK,NY,10012
GRANDMASTER RECORDERS,GOLF/ COUNTRY CLUB,ON,1518 CAHUENGA BLVD,LOS ANGELES,CA,90028
CAESARS PALACE - POST BK,GOLF/ COUNTRY CLUB,ON,3570 LAS VEGAS BLVD S,LAS VEGAS,NV,89109
SUMMIT CLUB,GOLF/ COUNTRY CLUB,ON,11750 SUMMIT CLUB DR,LAS VEGAS,NV,89135
LADERA GOLF CLUB,GOLF/ COUNTRY CLUB,ON,69501 LEMON BLOSSOM LN,THERMAL,CA,92274
CIRCA RESORT & CASINO,GOLF/ COUNTRY CLUB,ON,8 FREMONT ST,LAS VEGAS,NV,89101
AVERY FISHER HALL,GOLF/ COUNTRY CLUB,ON,100 COLUMBUS AVENUE,NEW YORK,NY,10023
HARBOUR CLUB,GOLF/ COUNTRY CLUB,ON,1766 BAY RD,MIAMI BEACH,FL,33139
BALLERINA,GOLF/ COUNTRY CLUB,ON,10201 COLLINS AVENUE,BAL HARBOUR,FL,33154
CARIBOU CLUB LTD,GOLF/ COUNTRY CLUB,ON,411 E HOPKINS,ASPEN,CO,81611
RIVIERA CC R2089-4412,GOLF/ COUNTRY CLUB,ON,1250 CAPRI DR,PACIFIC PALISADES,CA,90272
DRIFTWOOD FOOD & BEVERAGE LLC A,GOLF/ COUNTRY CLUB,ON,11100 FM 967,BUDA,TX,78610
GREEN VALLEY RANCH STATION A/P,GOLF/ COUNTRY CLUB,ON,2300 PASEO VERDE PKWY,HENDERSON,NV,89052
COUNTRY CLUB OF FLA (THE),GOLF/ COUNTRY CLUB,ON,22 COUNTRY ROAD,VILLAGE OF GOLF,FL,33436
VENETIAN RESORT HOTEL CASINO,GOLF/ COUNTRY CLUB,ON,3325 LAS VEGAS BLVD S,LAS VEGAS,NV,89109
SOHO HOUSE WEST HOLLYWOOD,GOLF/ COUNTRY CLUB,ON,9200 SUNSET BL SKY PENTHOUSE,WEST HOLLYWOOD,CA,90069
RIVER CLUB OF NEW YORK INC,GOLF/ COUNTRY CLUB,ON,447 E.52ST.,NEW YORK,NY,10022
THE BRIDGE GOLF CLUB INC,GOLF/ COUNTRY CLUB,ON,1180 MILLSTONE RD,BRIDGEHAMPTON,NY,11932
HUNTERS RUN,GOLF/ COUNTRY CLUB,ON,3500 CLUBHOUSE LN,BOYNTON BEACH,FL,33425
SPHERE LAS VEGAS LLC,GOLF/ COUNTRY CLUB,ON,255 SANDS AVE.,LAS VEGAS,NV,89169
SILO RIDGE CLUB BEVERAGE CORP,GOLF/ COUNTRY CLUB,ON,4651 RTE 22,AMENIA,NY,12501
JONATHAN S LANDING GOLF,GOLF/ COUNTRY CLUB,ON,16823 CAPTAIN KIRLE DR,JUPITER,FL,33477
BROKEN SOUND CLUB,GOLF/ COUNTRY CLUB,ON,2401 WILLOW SPRING DR.,BOCA RATON,FL,33496
LEVY-THE MUSIC CENTER,GOLF/ COUNTRY CLUB,ON,135 N GRAND AVE,LOS ANGELES,CA,90012
SPACE PING PONG LOUNGE & BAR,GOLF/ COUNTRY CLUB,ON,22 W 32ND ST,NEW YORK,NY,10001
NEWPORT BEACH COUNTRY CLUB,GOLF/ COUNTRY CLUB,ON,1 CLUBHOUSE DR,NEWPORT BEACH,CA,92660
MILL RIVER CLUB,GOLF/ COUNTRY CLUB,ON,103 MILL RIVER RD.,OYSTER BAY,NY,11771
NANEA GOLF CLUB  INC.,GOLF/ COUNTRY CLUB,ON,72-2921 KAUPULEHU,KAILUA KONA,HI,96740
KILOHANA RESTAURANT,GOLF/ COUNTRY CLUB,ON,5415 MAKENA ALANUI ROAD,KIHEI,HI,96753
THE BATH CLUB,GOLF/ COUNTRY CLUB,ON,5937 COLLINS AVENUE,MIAMI BEACH,FL,33140
MIDNIGHT THEATRE/ HIDDEN L,GOLF/ COUNTRY CLUB,ON,442 W 33RD ST,NEW YORK,NY,10001
MIZNER COUNTRY CLUB,GOLF/ COUNTRY CLUB,ON,16104 MIZNER CLUB DRIVE,DELRAY BEACH,FL,33446
Piedmont Driving Club    Main,GOLF/ COUNTRY CLUB,ON,1215 Piedmont Ave NE,Atlanta,GA,30309
Buckhead Club,GOLF/ COUNTRY CLUB,ON,3344 Peachtree Rd NE  26th Floor,Atlanta,GA,30326
Foxhall Additional Facility,GOLF/ COUNTRY CLUB,ON,8000 Capps Ferry Rd,Douglasville,GA,30135
ENGINEER S COUNTRY CLUB,GOLF/ COUNTRY CLUB,ON,55 GLENWOOD RD,ROSLYN,NY,11576
ALEXANDRIA THE,GOLF/ COUNTRY CLUB,ON,835 INDUSTRIL RD STE 161,SAN CARLOS,CA,94070
ATLANTIC FIELDS,GOLF/ COUNTRY CLUB,ON,5485 SE POLO CLUB DRIVE,HOBE SOUND,FL,33455
COIN OP GAME ROOM,GOLF/ COUNTRY CLUB,ON,28588 OLD TOWN FRONT ST 100,TEMECULA,CA,92590
TPC OF BOSTON,GOLF/ COUNTRY CLUB,ON,405 ARNOLD PALMER BLVD,NORTON,MA,02766
BELMONT PARK ENTERTAINMENT,GOLF/ COUNTRY CLUB,ON,3125 OCEAN FRONT WALK,SAN DIEGO,CA,92109
VERO BCH YACHT CLUB,GOLF/ COUNTRY CLUB,ON,3601 RIO VISTA BLVD,VERO BEACH,FL,32963
Craft & Art,NON-RETAIL,OFF,1000 Brickell Ave STE 215,Miami,FL,33131
Sake Ono,NON-RETAIL,OFF,1000 Brickell Ave STE 215,Miami,FL,33131
NIMA ALAHMAD,NON-RETAIL,OFF,685 Hartman Road,Austell,GA,30168
Rose Finkelstein,NON-RETAIL,OFF,685 Hartman Road,Austell,GA,30168
JAMES KEMP,NON-RETAIL,OFF,312 UN Court,Augusta,GA,30813
Kurt Pieper,NON-RETAIL,OFF,685 Hartman Road,Austell,GA,30168
Lee McDaniel,NON-RETAIL,OFF,685 Hartman Road,Austell,GA,30168
KRISTA ADAMS,NON-RETAIL,OFF,685 Hartman Road,Austell,GA,30168
Daniel Thomas,NON-RETAIL,OFF,685 Hartman Rd,Austell,GA,30168
Charles Bolden,NON-RETAIL,OFF,685 Hartman Rd,Austell,GA,30168
Alexandra Mackey,NON-RETAIL,OFF,685 Hartman Rd,Austell,GA,30168
Christopher Smith,NON-RETAIL,OFF,685 Hartman Rd,Austell,GA,30168
JEREMY GOLDEN,NON-RETAIL,OFF,685 Hartman Road,Austell,GA,30168
DAVID CONNOLLY,NON-RETAIL,OFF,685 Hartman Road,Austell,GA,30168
MARC CABALLERO,NON-RETAIL,OFF,685 Hartman Road,Austell,GA,30168
Charlotte Ussery,NON-RETAIL,OFF,685 Hartman Rd,Austell,GA,30168
Christopher Dean,NON-RETAIL,OFF,685 Hartman Rd,Austell,GA,30168
Gabrielle Sikes,NON-RETAIL,OFF,Bldg J 1101 Chatham Parkway,Savannah,GA,31408
Nicholas Caruso,NON-RETAIL,OFF,685 Hartman Rd,Austell,GA,30168
JIM NICHOLS,NON-RETAIL,OFF,685 Hartman Road,Austell,GA,30168
Megan Sharpley,NON-RETAIL,OFF,1101 Chatham Pkwy,Savannah,GA,31408
Alexandra Wright,NON-RETAIL,OFF,685 Heartman Rd,Austell,GA,30168
Anthony Thornton,NON-RETAIL,OFF,685 Hartman Rd,Austell,GA,30168
Abigail Branch,NON-RETAIL,OFF,685 Hartman Rd,Austell,GA,30168
William Godsil,NON-RETAIL,OFF,685 Hartman Rd,Austell,GA,30168
DOUG NEWTON,NON-RETAIL,OFF,Bldg J 1101 Chatham Parkway,Savannah,GA,31408
Macy Moe,NON-RETAIL,OFF,685 Hartman Rd,Austell,GA,30168
Matt Dimon,NON-RETAIL,OFF,685 Hartman Rd,Austell,GA,30168
Susanne Gee,NON-RETAIL,OFF,685 Hartman Rd,Austell,GA,30168
Nicholas Defelice,NON-RETAIL,OFF,685 Hartman Rd,Austell,GA,30168
Kelsey Hall,NON-RETAIL,OFF,685 Hartman Rd,Austell,GA,30168
Matthew Spengler,NON-RETAIL,OFF,685 Hartman Road,Austell,GA,30168
ADAM SMITH,NON-RETAIL,OFF,Bldg J 1101 Chatham Parkwy,Savannah,GA,31408
James Brooks,NON-RETAIL,OFF,685 Hartman Road,Austell,GA,30168
Christen Entrekin,NON-RETAIL,OFF,685 Hartman Road,Austell,GA,30168
Jamie Stone,NON-RETAIL,OFF,685 Hartman Rd,Austell,GA,30168
KELLY WILSON,NON-RETAIL,OFF,Bldg J 1101 CHatham Parkway,Savannah,GA,31408
JOHN ROBERT HAYNES,NON-RETAIL,OFF,685 Hartman Road,Austell,GA,30168
Robert Labartino,NON-RETAIL,OFF,685 Hartman Road,Austell,GA,30168
JIMMY TWARDOS,NON-RETAIL,OFF,685 Hartman Road,Austell,GA,30168
Thomas Feeney,NON-RETAIL,OFF,685 Hartman Road,Austell,GA,30168
Vivian Jago,NON-RETAIL,OFF,685 Hartman Road,Austell,GA,30168
CHRISTOPHER BURKE,NON-RETAIL,OFF,Bldg J 1101 Chatham Parkway,Savannah,GA,31408
Garrison Wood,NON-RETAIL,OFF,685 Hartman Rd,Austell,GA,30168
Lorenzo Walker Jr,NON-RETAIL,OFF,685 Hartman Rd,Austell,GA,30168
Nico Bottoni,NON-RETAIL,OFF,685 Hartman Rd,Austell,GA,30168
Jordan Mason,NON-RETAIL,OFF,685 Hartman Rd,Austell,GA,30168
9435 UNCLASSIFIED ACCOUNT,UNASSIGNED,,8400 S Jones Blvd,Las Vegas,NV,89139
2246 UNCLASSIFIED ACCOUNT,UNASSIGNED,,4849 Alpha Rd Ste 100,Dallas,TX,75244
20696 UNCLASSIFIED ACCOUNT,UNASSIGNED,,9350 E Point Dr,Houston,TX,77054
9783 UNCLASSIFIED ACCOUNT,UNASSIGNED,,960 United Cir,Sparks,NV,89431
ROBERT S OF WOODSIDE,SUPERMARKET,OFF,3015 WOODSIDE RD,WOODSIDE,CA,94062
PLUM MARKET,SUPERMARKET,OFF,17801 BISCAYNE BLVD,MIAMI,FL,33160
HILLTOP RED APPLE MARKET,SUPERMARKET,OFF,2701 BEACON AVE S,SEATTLE,WA,98144
YES ORGANIC MARKET,SUPERMARKET,OFF,410 8TH ST SE,WASHINGTON,DC,20003
QFC #807,SUPERMARKET,OFF,2746 N.E. 45TH,SEATTLE,WA,98105
BIANCHINI S MARKET,SUPERMARKET,OFF,3130 ALPINE RD #415,PORTOLA VALLEY,CA,94028
MILAMS MARKET #3,SUPERMARKET,OFF,2969 SW 32 AVE,MIAMI,FL,33133
HEB CENTRAL MARKET 055,SUPERMARKET,OFF,1425 E SOUTHLAKE BOULEVARD,SOUTHLAKE,TX,76092
VILLAGE MARKET THRIFTWAY,SUPERMARKET,OFF,20126 BALLINGER WAY,SHORELINE,WA,98155
HEB CENTRAL MARKET 491,SUPERMARKET,OFF,3815 WESTHEIMER,HOUSTON,TX,77027
Super H Market Duluth,SUPERMARKET,OFF,2550 Pleasant Hill Rd,Duluth,GA,30096
Buford Hwy Farmers Market,SUPERMARKET,OFF,5600 Buford Hwy NE Ste Z,Doraville,GA,30340
ROBERT S OF PORTOLA VALLEY,SUPERMARKET,OFF,4420 ALPINE RD,PORTOLA VALLEY,CA,94028
WILLOW MARKET,SUPERMARKET,OFF,60 MIDDLEFIELD RD,MENLO PARK,CA,94025
JOHNNIE S SUPERSTORE,SUPERMARKET,OFF,370 PECKS RD,PITTSFIELD,MA,01201
SUPER H MART,SUPERMARKET,OFF,2625 OLD DENTON ROAD SUITE 200,CARROLLTON,TX,75007
STREETS MARKET & CAFE - 14TH S,SUPERMARKET,OFF,2400 14TH ST NW,WASHINGTON,DC,20009
CARDIFF SEASIDE MARKET,SUPERMARKET,OFF,2087 SAN ELIJO AV,CARDIFF BY THE SEA,CA,92007
QFC #839,SUPERMARKET,OFF,7823 28TH ST,MERCER ISLAND,WA,98040
LEEVERS LOCAVORE,SUPERMARKET,OFF,2630 W 38TH AVENUE SUITE 101,DENVER,CO,80211
VILLAGE MARKET,SUPERMARKET,OFF,12 E CARMEL VALLEY RD,CARMEL VALLEY,CA,93924
JOSEPHS CLASSIC MARKET,SUPERMARKET,OFF,6000 GLADES RD,BOCA RATON,FL,33431
JOSEPHS CLASSIC MARKET,SUPERMARKET,OFF,2791 SOUTH DIXIE HIGHWAY,WEST PALM BEACH,FL,33405
HEB CENTRAL MARKET 545,SUPERMARKET,OFF,4651 W FWY SUITE 100,FORT WORTH,TX,76107
HEB CENTRAL MARKET 552,SUPERMARKET,OFF,5750 E LOVERS LANE,DALLAS,TX,75206
HEB CENTRAL MARKET 653,SUPERMARKET,OFF,10720 PRESTON ROAD STE.1018,DALLAS,TX,75230
BIG JOHN S MARKET,SUPERMARKET,OFF,1345 HEALDSBURG AVE,HEALDSBURG,CA,95448
ROXYS SPIRITS,SUPERMARKET,OFF,119 ASPEN AIRPORT BUSINESS,ASPEN,CO,81611
MITSUWA MARKETPLACE,SUPERMARKET,OFF,100 LEGACY DRIVE SUITE 110,PLANO,TX,75023
MILAM S MARKET #7,SUPERMARKET,OFF,11701 SOUTH DIXIE HWY,PINECREST POSTAL STO,FL,33156
WINDMILL FARMS,SUPERMARKET,OFF,6386 DEL CERRO BL,SAN DIEGO,CA,92120
H MART,SUPERMARKET,OFF,3320 K AVENUE,PLANO,TX,75074
SEIWA MARKET A,SUPERMARKET,OFF,1801 S DAIRY ASHFORD ROAD  116,HOUSTON,TX,77077
SUMMIT STORE,SUPERMARKET,OFF,24197 SUMMIT RD,LOS GATOS,CA,95033
PINK DOT,SUPERMARKET,OFF,8495 SUNSET BL,WEST HOLLYWOOD,CA,90069
SHORELINE CENTRAL MARKET,SUPERMARKET,OFF,15505 WESTMINSTER WY,SEATTLE,WA,98133
ARAMARK,CONCESSIONAIRE,ON,1801 BRYANT STREET SUITE 200,DENVER,CO,80204
HARD ROCK STADIUM,CONCESSIONAIRE,ON,2269 NW 199 STREET,MIAMI,FL,33109
BELMONT SPORTSERVICE INC,CONCESSIONAIRE,ON,2400 HEMPSTEAD TPKE,ELMONT,NY,11003
OMA ROOFTOP LLC,CONCESSIONAIRE,ON,1 MADISON AVE,NEW YORK,NY,10010
FACILITY CONCESSION SERVICE,CONCESSIONAIRE,ON,3200 LAS VEGAS BLVD S #600,LAS VEGAS,NV,89109
CLOUD CATERING,CONCESSIONAIRE,ON,4281 HUNTER ST,LONG ISLAND CITY,NY,11101
YANN NURY NYC,CONCESSIONAIRE,ON,598 BROADWAY,NEW YORK,NY,10012
ONTEORA MOUNTAIN HOUSE,CONCESSIONAIRE,ON,96 PINEY POINT ROAD,BOICEVILLE,NY,12412
COOKS CHAPEL,CONCESSIONAIRE,ON,440 S ANAHEIM BLVD  UNIT 112,ANAHEIM,CA,92805
Tower Beer & Wine,WHOLESALE CLUB,OFF,2161 Piedmont Rd NE,Atlanta,GA,30324
Doraville Liquor Store  (TOWER),WHOLESALE CLUB,OFF,5877 Buford Hwy NE,Doraville,GA,30340
H Mart Doraville Inc,CONVENIENCE/ GAS,OFF,6035 Peachtree Rd,Doraville,GA,30360
Mega Mart,CONVENIENCE/ GAS,OFF,2100 Pleasant Hill Rd #141,Duluth,GA,30096
Two Guys Food Mart,CONVENIENCE/ GAS,OFF,Ste 410 520 Fair Rd,Statesboro,GA,30458
Shell Food Mart,CONVENIENCE/ GAS,OFF,890 Atlanta St,Roswell,GA,30095
EON Petroleum Corp,CONVENIENCE/ GAS,OFF,1334 Atlanta Hwy,Auburn,GA,30011
SMOKE & SLURP B,CONVENIENCE/ GAS,OFF,12570 BRIAR FOREST DR STE C,HOUSTON,TX,77077
General Store 30474,CONVENIENCE/ GAS,OFF,112 Church St,Vidalia,GA,30474
CITY MARKET 11,CONVENIENCE/ GAS,OFF,333 N PLACENTIA AV,FULLERTON,CA,92831
Shell Station,CONVENIENCE/ GAS,OFF,1521 Peachtree St Ne,Atlanta,GA,30309
CORK & BREW MARKET,CONVENIENCE/ GAS,OFF,2700 S CONGRESS AVE,AUSTIN,TX,78704
JEFFERSON MARKET,CONVENIENCE/ GAS,OFF,1704 JEFFERSON ST,NAPA,CA,94559
Nifty Neighbor,CONVENIENCE/ GAS,OFF,250 Pharr Rd NE Suite C-1,Atlanta,GA,30305
GG MARKET,CONVENIENCE/ GAS,OFF,7655 TOWN SQUARE LANE #117,RENO,NV,89523
Roswell Mini Mart,CONVENIENCE/ GAS,OFF,146 Norcross St,Roswell,GA,30075
BP Gas Station,CONVENIENCE/ GAS,OFF,1989 Hosea L Williams Dr SE,Atlanta,GA,30317
The Synovus Toast of the Town,SPECIAL EVENT/ TEMPORARY LICENSE,ON,801 Front Ave,Columbus,GA,31901
,,,,,,
,Report Created on 4/15/2025 6:44:47 PM,,,,,
